100.jpg,1041.jpg,242.jpg,242_3_9.png,1
100.jpg,270.jpg,106.jpg,100_4_8.png,2
883.jpg,1527.jpg,1344.jpg,1344_2_8.png,3
242.jpg,354.jpg,106.jpg,354_4_6.png,4
1501.jpg,883.jpg,100.jpg,100_1_8.png,5
1955.jpg,270.jpg,106.jpg,270_4_5.png,6
1195.jpg,1344.jpg,883.jpg,1195_4_10.png,7
1955.jpg,354.jpg,100.jpg,100_1_10.png,8
1204.jpg,1041.jpg,100.jpg,1204_1_6.png,9
1041.jpg,270.jpg,1237.jpg,270_2_8.png,10
100.jpg,1955.jpg,1237.jpg,1955_4_7.png,11
100.jpg,106.jpg,1527.jpg,1527_3_1.png,12
883.jpg,1195.jpg,1501.jpg,1501_2_9.png,13
1955.jpg,1195.jpg,354.jpg,1195_1_4.png,14
1501.jpg,1195.jpg,354.jpg,1501_4_2.png,15
100.jpg,1195.jpg,354.jpg,354_2_3.png,16
1195.jpg,242.jpg,100.jpg,242_4_4.png,17
270.jpg,242.jpg,883.jpg,242_4_9.png,18
270.jpg,883.jpg,1237.jpg,883_2_7.png,19
1344.jpg,270.jpg,883.jpg,1344_3_3.png,20
106.jpg,100.jpg,1204.jpg,1204_2_9.png,21
1237.jpg,1204.jpg,1527.jpg,1237_2_10.png,22
883.jpg,1195.jpg,1041.jpg,883_2_4.png,23
1527.jpg,883.jpg,1955.jpg,883_4_9.png,24
270.jpg,106.jpg,1527.jpg,1527_2_5.png,25
354.jpg,1501.jpg,1344.jpg,1344_4_3.png,26
1501.jpg,242.jpg,1204.jpg,1204_4_3.png,27
1344.jpg,270.jpg,354.jpg,270_3_9.png,28
1344.jpg,1195.jpg,1237.jpg,1237_4_7.png,29
883.jpg,1237.jpg,270.jpg,1237_2_8.png,30
100.jpg,1501.jpg,1237.jpg,100_3_6.png,31
1344.jpg,1527.jpg,354.jpg,354_2_1.png,32
1195.jpg,1041.jpg,1237.jpg,1195_4_4.png,33
1204.jpg,883.jpg,354.jpg,1204_2_4.png,34
1195.jpg,242.jpg,100.jpg,1195_4_3.png,35
1237.jpg,106.jpg,242.jpg,242_2_5.png,36
1041.jpg,354.jpg,1344.jpg,1344_2_1.png,37
270.jpg,100.jpg,1501.jpg,270_4_6.png,38
1237.jpg,270.jpg,354.jpg,354_3_4.png,39
883.jpg,1237.jpg,1204.jpg,1204_3_10.png,40
883.jpg,1344.jpg,1955.jpg,883_4_4.png,41
1237.jpg,1344.jpg,270.jpg,1237_2_6.png,42
270.jpg,1237.jpg,100.jpg,1237_2_3.png,43
1501.jpg,1041.jpg,1527.jpg,1501_3_7.png,44
100.jpg,1204.jpg,1527.jpg,100_3_5.png,45
1344.jpg,270.jpg,1237.jpg,1344_2_4.png,46
1041.jpg,1344.jpg,1527.jpg,1527_1_1.png,47
1501.jpg,1344.jpg,100.jpg,100_2_5.png,48
106.jpg,1955.jpg,1041.jpg,1955_4_2.png,49
106.jpg,354.jpg,1501.jpg,1501_2_7.png,50
354.jpg,1237.jpg,883.jpg,1237_1_3.png,51
242.jpg,106.jpg,1501.jpg,1501_4_8.png,52
106.jpg,354.jpg,1344.jpg,1344_3_8.png,53
1344.jpg,1955.jpg,1195.jpg,1955_4_9.png,54
1955.jpg,242.jpg,883.jpg,242_2_2.png,55
1204.jpg,1041.jpg,1344.jpg,1344_2_5.png,56
1237.jpg,883.jpg,1527.jpg,1237_1_7.png,57
1204.jpg,1041.jpg,354.jpg,1041_3_10.png,58
883.jpg,1955.jpg,1237.jpg,883_1_10.png,59
1041.jpg,354.jpg,100.jpg,354_2_9.png,60
883.jpg,1237.jpg,1204.jpg,883_3_2.png,61
354.jpg,106.jpg,100.jpg,100_4_5.png,62
1344.jpg,1527.jpg,242.jpg,242_3_3.png,63
1204.jpg,1527.jpg,1195.jpg,1204_4_6.png,64
1344.jpg,1501.jpg,242.jpg,242_1_2.png,65
1501.jpg,1041.jpg,106.jpg,106_3_1.png,66
1955.jpg,100.jpg,1527.jpg,1527_1_5.png,67
242.jpg,270.jpg,1237.jpg,270_2_10.png,68
270.jpg,354.jpg,1237.jpg,354_4_7.png,69
883.jpg,1501.jpg,1527.jpg,883_3_10.png,70
100.jpg,883.jpg,1344.jpg,1344_3_7.png,71
1195.jpg,270.jpg,1527.jpg,1527_2_4.png,72
1041.jpg,106.jpg,1237.jpg,1041_4_6.png,73
1195.jpg,1955.jpg,1237.jpg,1195_3_7.png,74
1527.jpg,1344.jpg,106.jpg,106_1_2.png,75
1527.jpg,100.jpg,1955.jpg,100_3_7.png,76
242.jpg,1237.jpg,1501.jpg,1237_3_9.png,77
1344.jpg,100.jpg,1527.jpg,100_4_10.png,78
270.jpg,1204.jpg,1195.jpg,1204_1_3.png,79
1955.jpg,270.jpg,1501.jpg,270_4_3.png,80
1195.jpg,1344.jpg,1501.jpg,1195_3_6.png,81
1041.jpg,106.jpg,100.jpg,100_2_4.png,82
100.jpg,1501.jpg,242.jpg,242_2_7.png,83
1237.jpg,1344.jpg,1041.jpg,1041_3_9.png,84
106.jpg,1501.jpg,100.jpg,106_4_7.png,85
242.jpg,270.jpg,1041.jpg,270_1_2.png,86
883.jpg,270.jpg,1955.jpg,1955_3_9.png,87
270.jpg,1041.jpg,1501.jpg,270_2_2.png,88
106.jpg,100.jpg,242.jpg,100_2_8.png,89
1344.jpg,1501.jpg,270.jpg,1501_1_3.png,90
1041.jpg,354.jpg,100.jpg,354_1_7.png,91
242.jpg,1955.jpg,1344.jpg,1955_3_5.png,92
1501.jpg,106.jpg,1195.jpg,1501_1_8.png,93
1344.jpg,242.jpg,270.jpg,1344_1_2.png,94
270.jpg,106.jpg,1195.jpg,106_4_2.png,95
1041.jpg,270.jpg,106.jpg,1041_4_10.png,96
1041.jpg,1237.jpg,1955.jpg,1041_2_3.png,97
354.jpg,270.jpg,883.jpg,883_3_8.png,98
1501.jpg,100.jpg,1041.jpg,1041_3_5.png,99
270.jpg,106.jpg,1237.jpg,1237_3_4.png,100
1501.jpg,883.jpg,106.jpg,106_3_8.png,101
1955.jpg,100.jpg,242.jpg,242_4_5.png,102
1041.jpg,883.jpg,1195.jpg,1195_3_5.png,103
1195.jpg,1237.jpg,270.jpg,1237_4_4.png,104
1041.jpg,1237.jpg,354.jpg,1041_3_7.png,105
270.jpg,1195.jpg,1955.jpg,1195_1_9.png,106
100.jpg,1204.jpg,1527.jpg,1527_3_6.png,107
100.jpg,883.jpg,270.jpg,270_3_4.png,108
270.jpg,106.jpg,1204.jpg,1204_1_8.png,109
1195.jpg,1344.jpg,354.jpg,1195_3_4.png,110
106.jpg,1204.jpg,1501.jpg,1204_1_7.png,111
1195.jpg,100.jpg,1204.jpg,1204_1_9.png,112
354.jpg,1527.jpg,1501.jpg,1501_2_10.png,113
1237.jpg,106.jpg,242.jpg,242_4_3.png,114
1204.jpg,1955.jpg,1501.jpg,1955_2_1.png,115
1237.jpg,1204.jpg,100.jpg,100_4_2.png,116
1041.jpg,1501.jpg,242.jpg,1041_3_2.png,117
354.jpg,100.jpg,270.jpg,270_2_5.png,118
100.jpg,1955.jpg,1344.jpg,100_4_7.png,119
883.jpg,1041.jpg,354.jpg,883_2_6.png,120
1501.jpg,1041.jpg,1204.jpg,1041_4_4.png,121
1204.jpg,106.jpg,242.jpg,106_2_7.png,122
242.jpg,883.jpg,106.jpg,883_1_7.png,123
270.jpg,1204.jpg,1041.jpg,1041_1_1.png,124
106.jpg,100.jpg,270.jpg,100_3_4.png,125
100.jpg,1237.jpg,883.jpg,883_4_10.png,126
1501.jpg,270.jpg,1237.jpg,1237_1_1.png,127
100.jpg,1204.jpg,106.jpg,100_2_3.png,128
354.jpg,1237.jpg,1195.jpg,1237_1_5.png,129
270.jpg,354.jpg,1527.jpg,354_3_7.png,130
354.jpg,100.jpg,1195.jpg,100_3_1.png,131
883.jpg,1237.jpg,1955.jpg,1955_2_5.png,132
270.jpg,354.jpg,1344.jpg,270_4_2.png,133
883.jpg,270.jpg,100.jpg,270_4_9.png,134
1955.jpg,1195.jpg,106.jpg,1955_1_7.png,135
1527.jpg,354.jpg,242.jpg,354_3_5.png,136
883.jpg,1501.jpg,242.jpg,883_1_9.png,137
1204.jpg,100.jpg,354.jpg,354_4_9.png,138
1955.jpg,1237.jpg,354.jpg,1237_4_10.png,139
270.jpg,354.jpg,1204.jpg,1204_2_5.png,140
242.jpg,1344.jpg,1204.jpg,242_3_8.png,141
1527.jpg,270.jpg,354.jpg,1527_4_7.png,142
106.jpg,270.jpg,1527.jpg,1527_1_4.png,143
1955.jpg,242.jpg,1041.jpg,1955_3_3.png,144
1237.jpg,1527.jpg,1041.jpg,1237_3_2.png,145
883.jpg,1195.jpg,100.jpg,1195_3_1.png,146
242.jpg,1527.jpg,354.jpg,242_3_10.png,147
106.jpg,270.jpg,1237.jpg,106_3_3.png,148
106.jpg,1237.jpg,270.jpg,270_4_1.png,149
1237.jpg,270.jpg,883.jpg,883_1_8.png,150
883.jpg,1344.jpg,1041.jpg,1344_4_9.png,151
1527.jpg,1955.jpg,1501.jpg,1501_2_1.png,152
883.jpg,100.jpg,1527.jpg,1527_4_5.png,153
1204.jpg,354.jpg,1344.jpg,354_2_7.png,154
1344.jpg,100.jpg,1955.jpg,100_3_10.png,155
1237.jpg,1955.jpg,242.jpg,1955_1_2.png,156
1195.jpg,106.jpg,1501.jpg,106_1_7.png,157
1501.jpg,242.jpg,106.jpg,106_2_1.png,158
1527.jpg,354.jpg,883.jpg,1527_2_8.png,159
1344.jpg,106.jpg,1195.jpg,1344_4_10.png,160
1955.jpg,1344.jpg,1195.jpg,1195_1_1.png,161
242.jpg,1237.jpg,1501.jpg,242_3_2.png,162
242.jpg,100.jpg,883.jpg,883_4_5.png,163
1501.jpg,100.jpg,354.jpg,100_3_2.png,164
1527.jpg,1237.jpg,883.jpg,1527_3_4.png,165
1204.jpg,1501.jpg,883.jpg,1204_1_10.png,166
1527.jpg,1955.jpg,242.jpg,1527_2_6.png,167
106.jpg,883.jpg,1041.jpg,1041_4_5.png,168
1237.jpg,354.jpg,270.jpg,270_3_8.png,169
242.jpg,354.jpg,1344.jpg,242_4_1.png,170
106.jpg,270.jpg,242.jpg,242_4_2.png,171
1501.jpg,1041.jpg,1195.jpg,1501_2_4.png,172
354.jpg,1344.jpg,883.jpg,354_1_10.png,173
1955.jpg,1204.jpg,270.jpg,270_1_3.png,174
1527.jpg,883.jpg,1344.jpg,883_1_2.png,175
1501.jpg,270.jpg,1955.jpg,270_3_3.png,176
100.jpg,1344.jpg,1237.jpg,1344_1_4.png,177
1955.jpg,1041.jpg,1501.jpg,1501_4_1.png,178
354.jpg,1501.jpg,106.jpg,354_1_8.png,179
354.jpg,100.jpg,1237.jpg,354_3_3.png,180
270.jpg,100.jpg,1344.jpg,100_4_3.png,181
354.jpg,1955.jpg,1204.jpg,1955_2_6.png,182
1195.jpg,106.jpg,100.jpg,1195_2_10.png,183
1237.jpg,1041.jpg,883.jpg,1041_3_1.png,184
1195.jpg,242.jpg,106.jpg,242_1_5.png,185
354.jpg,1204.jpg,106.jpg,1204_2_2.png,186
1195.jpg,1041.jpg,354.jpg,1041_1_4.png,187
1501.jpg,1955.jpg,1204.jpg,1204_4_1.png,188
883.jpg,1955.jpg,1237.jpg,1237_4_8.png,189
1237.jpg,1344.jpg,106.jpg,106_2_8.png,190
1527.jpg,1344.jpg,1501.jpg,1501_3_6.png,191
242.jpg,1237.jpg,1041.jpg,242_3_6.png,192
106.jpg,1237.jpg,883.jpg,883_1_1.png,193
354.jpg,1041.jpg,270.jpg,270_2_3.png,194
100.jpg,1195.jpg,270.jpg,100_1_4.png,195
106.jpg,1501.jpg,100.jpg,1501_1_7.png,196
354.jpg,1204.jpg,1237.jpg,354_4_1.png,197
242.jpg,100.jpg,883.jpg,242_2_1.png,198
1955.jpg,1344.jpg,1041.jpg,1344_1_8.png,199
270.jpg,242.jpg,1955.jpg,1955_3_10.png,200
1204.jpg,100.jpg,270.jpg,270_2_6.png,201
100.jpg,883.jpg,1955.jpg,100_1_9.png,202
106.jpg,1955.jpg,1237.jpg,106_4_3.png,203
354.jpg,1344.jpg,883.jpg,883_2_10.png,204
883.jpg,1195.jpg,100.jpg,883_4_2.png,205
883.jpg,1501.jpg,100.jpg,883_4_1.png,206
354.jpg,100.jpg,1527.jpg,354_2_5.png,207
270.jpg,1501.jpg,242.jpg,1501_4_4.png,208
242.jpg,354.jpg,1204.jpg,242_4_10.png,209
1527.jpg,106.jpg,100.jpg,1527_3_8.png,210
1501.jpg,1344.jpg,1955.jpg,1501_2_5.png,211
270.jpg,1204.jpg,1955.jpg,270_3_7.png,212
1041.jpg,270.jpg,1344.jpg,270_1_4.png,213
106.jpg,1527.jpg,883.jpg,883_1_3.png,214
106.jpg,1501.jpg,1955.jpg,106_2_4.png,215
1344.jpg,1195.jpg,1204.jpg,1195_1_10.png,216
1955.jpg,1527.jpg,1041.jpg,1527_1_2.png,217
1344.jpg,1204.jpg,100.jpg,1204_4_2.png,218
106.jpg,1955.jpg,100.jpg,1955_4_1.png,219
1237.jpg,1955.jpg,1501.jpg,1501_2_2.png,220
1344.jpg,1237.jpg,106.jpg,1237_1_8.png,221
1527.jpg,883.jpg,1501.jpg,883_2_1.png,222
1527.jpg,242.jpg,270.jpg,270_1_5.png,223
1344.jpg,1955.jpg,1501.jpg,1344_4_1.png,224
242.jpg,1955.jpg,1501.jpg,242_4_6.png,225
1237.jpg,106.jpg,354.jpg,106_4_5.png,226
1501.jpg,1204.jpg,106.jpg,1501_1_1.png,227
106.jpg,270.jpg,1527.jpg,1527_2_7.png,228
1344.jpg,883.jpg,100.jpg,1344_3_9.png,229
1955.jpg,354.jpg,1195.jpg,354_3_8.png,230
354.jpg,1501.jpg,1955.jpg,354_2_4.png,231
1204.jpg,1237.jpg,100.jpg,100_2_1.png,232
883.jpg,354.jpg,1041.jpg,354_2_2.png,233
354.jpg,242.jpg,1041.jpg,1041_1_6.png,234
1195.jpg,1041.jpg,1501.jpg,1501_4_6.png,235
883.jpg,1955.jpg,354.jpg,354_4_4.png,236
1041.jpg,242.jpg,100.jpg,1041_3_8.png,237
1527.jpg,883.jpg,1955.jpg,1527_2_9.png,238
270.jpg,1195.jpg,1344.jpg,270_2_9.png,239
100.jpg,242.jpg,1955.jpg,242_2_4.png,240
354.jpg,1501.jpg,242.jpg,242_3_7.png,241
270.jpg,354.jpg,1955.jpg,270_1_10.png,242
1501.jpg,1204.jpg,106.jpg,106_1_3.png,243
1955.jpg,242.jpg,1237.jpg,1955_4_5.png,244
1204.jpg,1237.jpg,1195.jpg,1204_2_6.png,245
1204.jpg,1344.jpg,242.jpg,1344_1_1.png,246
1344.jpg,883.jpg,1204.jpg,1204_4_4.png,247
1527.jpg,1237.jpg,1041.jpg,1237_4_5.png,248
1527.jpg,106.jpg,1955.jpg,106_2_3.png,249
1527.jpg,1204.jpg,106.jpg,106_4_9.png,250
1237.jpg,106.jpg,270.jpg,106_1_1.png,251
1204.jpg,1041.jpg,106.jpg,106_2_2.png,252
1195.jpg,1527.jpg,1041.jpg,1195_2_3.png,253
1501.jpg,1237.jpg,1955.jpg,1955_3_6.png,254
242.jpg,354.jpg,1344.jpg,354_1_1.png,255
1955.jpg,242.jpg,1195.jpg,1195_2_1.png,256
1237.jpg,1344.jpg,1501.jpg,1237_1_9.png,257
1237.jpg,106.jpg,883.jpg,883_1_6.png,258
1955.jpg,242.jpg,354.jpg,242_2_8.png,259
106.jpg,1204.jpg,1527.jpg,1204_1_4.png,260
1955.jpg,883.jpg,1527.jpg,883_1_4.png,261
1344.jpg,1195.jpg,1237.jpg,1237_3_7.png,262
1195.jpg,1955.jpg,883.jpg,1955_2_2.png,263
1344.jpg,883.jpg,1204.jpg,1344_1_3.png,264
1237.jpg,1204.jpg,883.jpg,1204_3_9.png,265
1237.jpg,270.jpg,1501.jpg,1501_2_8.png,266
883.jpg,270.jpg,100.jpg,883_2_3.png,267
1195.jpg,100.jpg,242.jpg,100_4_1.png,268
1527.jpg,1237.jpg,883.jpg,1237_4_2.png,269
883.jpg,1501.jpg,1237.jpg,883_3_7.png,270
1237.jpg,1195.jpg,242.jpg,1195_3_9.png,271
270.jpg,1237.jpg,1527.jpg,1527_3_7.png,272
242.jpg,883.jpg,1527.jpg,242_1_7.png,273
242.jpg,1041.jpg,1237.jpg,242_4_8.png,274
1237.jpg,1204.jpg,1195.jpg,1195_1_2.png,275
1344.jpg,270.jpg,1955.jpg,1955_4_6.png,276
106.jpg,1501.jpg,100.jpg,100_1_7.png,277
1344.jpg,106.jpg,354.jpg,354_4_2.png,278
1344.jpg,883.jpg,1237.jpg,1344_4_6.png,279
106.jpg,1237.jpg,883.jpg,883_2_2.png,280
1237.jpg,1527.jpg,1195.jpg,1237_4_1.png,281
1237.jpg,1344.jpg,106.jpg,1237_1_4.png,282
100.jpg,1195.jpg,1501.jpg,1501_3_3.png,283
1195.jpg,1237.jpg,1204.jpg,1204_1_1.png,284
270.jpg,106.jpg,1237.jpg,106_1_5.png,285
1195.jpg,883.jpg,1527.jpg,1195_1_7.png,286
1237.jpg,106.jpg,100.jpg,1237_2_5.png,287
100.jpg,1237.jpg,1195.jpg,100_1_5.png,288
106.jpg,1344.jpg,1041.jpg,1041_4_1.png,289
354.jpg,1195.jpg,1204.jpg,1204_1_5.png,290
883.jpg,1041.jpg,1204.jpg,1041_4_2.png,291
1195.jpg,1204.jpg,106.jpg,1195_3_10.png,292
270.jpg,1501.jpg,1041.jpg,270_4_8.png,293
100.jpg,1527.jpg,106.jpg,1527_4_2.png,294
1344.jpg,1501.jpg,1041.jpg,1344_3_5.png,295
100.jpg,1237.jpg,1501.jpg,1237_3_6.png,296
883.jpg,270.jpg,242.jpg,270_1_8.png,297
1237.jpg,1195.jpg,242.jpg,1237_1_6.png,298
1041.jpg,1237.jpg,1204.jpg,1204_2_1.png,299
883.jpg,1527.jpg,106.jpg,1527_2_3.png,300
883.jpg,1237.jpg,242.jpg,242_1_3.png,301
1041.jpg,106.jpg,242.jpg,1041_3_6.png,302
242.jpg,1527.jpg,1501.jpg,1527_3_2.png,303
100.jpg,1195.jpg,1237.jpg,1195_4_1.png,304
270.jpg,100.jpg,242.jpg,242_1_8.png,305
354.jpg,883.jpg,1955.jpg,883_3_5.png,306
1195.jpg,1955.jpg,1041.jpg,1955_2_10.png,307
1237.jpg,1501.jpg,106.jpg,106_2_9.png,308
1041.jpg,883.jpg,270.jpg,270_2_4.png,309
883.jpg,106.jpg,1041.jpg,106_1_4.png,310
354.jpg,1195.jpg,1955.jpg,1195_3_2.png,311
1527.jpg,100.jpg,1955.jpg,1955_1_6.png,312
1041.jpg,1195.jpg,1501.jpg,1501_3_8.png,313
270.jpg,354.jpg,100.jpg,270_4_7.png,314
1344.jpg,106.jpg,1501.jpg,1501_4_7.png,315
100.jpg,1041.jpg,270.jpg,270_4_4.png,316
1204.jpg,1237.jpg,1955.jpg,1237_3_3.png,317
1195.jpg,1204.jpg,1527.jpg,1195_1_3.png,318
1041.jpg,1237.jpg,242.jpg,1041_1_10.png,319
354.jpg,1041.jpg,1501.jpg,1501_1_5.png,320
1501.jpg,242.jpg,354.jpg,1501_1_4.png,321
100.jpg,1501.jpg,270.jpg,270_3_5.png,322
100.jpg,270.jpg,1204.jpg,100_1_1.png,323
1195.jpg,1237.jpg,1204.jpg,1195_4_7.png,324
270.jpg,1195.jpg,1344.jpg,1344_3_4.png,325
106.jpg,1501.jpg,1041.jpg,1501_3_10.png,326
1955.jpg,1527.jpg,100.jpg,1527_4_6.png,327
242.jpg,1344.jpg,100.jpg,1344_2_9.png,328
883.jpg,1195.jpg,354.jpg,1195_1_5.png,329
106.jpg,270.jpg,1204.jpg,1204_1_2.png,330
242.jpg,1195.jpg,100.jpg,100_2_9.png,331
1195.jpg,354.jpg,1955.jpg,1955_3_2.png,332
100.jpg,1344.jpg,1955.jpg,1955_4_4.png,333
1501.jpg,1527.jpg,106.jpg,106_1_6.png,334
1344.jpg,1527.jpg,1195.jpg,1344_3_1.png,335
270.jpg,1195.jpg,1501.jpg,1501_4_10.png,336
883.jpg,100.jpg,1344.jpg,1344_2_6.png,337
1195.jpg,1041.jpg,1204.jpg,1041_2_6.png,338
883.jpg,100.jpg,1344.jpg,883_1_5.png,339
354.jpg,1955.jpg,1041.jpg,1955_1_8.png,340
106.jpg,1344.jpg,100.jpg,100_3_8.png,341
1344.jpg,354.jpg,1501.jpg,354_2_8.png,342
270.jpg,1955.jpg,106.jpg,1955_3_8.png,343
883.jpg,1344.jpg,106.jpg,1344_2_7.png,344
1204.jpg,1195.jpg,242.jpg,1204_3_8.png,345
242.jpg,1041.jpg,883.jpg,242_2_10.png,346
1041.jpg,354.jpg,242.jpg,354_3_6.png,347
1195.jpg,1527.jpg,242.jpg,1527_3_5.png,348
1527.jpg,1344.jpg,883.jpg,1344_1_10.png,349
1237.jpg,106.jpg,1204.jpg,106_4_6.png,350
883.jpg,270.jpg,1527.jpg,883_3_6.png,351
1041.jpg,242.jpg,883.jpg,883_2_5.png,352
1501.jpg,883.jpg,354.jpg,883_3_9.png,353
242.jpg,1204.jpg,270.jpg,270_3_2.png,354
1955.jpg,883.jpg,354.jpg,1955_1_10.png,355
106.jpg,270.jpg,1195.jpg,270_3_10.png,356
1041.jpg,1501.jpg,1237.jpg,1041_2_5.png,357
1041.jpg,1527.jpg,1955.jpg,1955_3_7.png,358
270.jpg,1237.jpg,1527.jpg,1237_4_3.png,359
1041.jpg,1204.jpg,1501.jpg,1204_2_8.png,360
1527.jpg,242.jpg,1041.jpg,242_1_4.png,361
242.jpg,883.jpg,1501.jpg,883_2_8.png,362
100.jpg,270.jpg,1204.jpg,1204_4_5.png,363
883.jpg,106.jpg,1204.jpg,106_3_6.png,364
1344.jpg,242.jpg,1501.jpg,1344_1_5.png,365
1195.jpg,1955.jpg,242.jpg,1955_4_10.png,366
1041.jpg,1527.jpg,883.jpg,1041_2_1.png,367
242.jpg,106.jpg,1344.jpg,106_2_6.png,368
1955.jpg,1527.jpg,270.jpg,1955_2_4.png,369
242.jpg,1501.jpg,1041.jpg,242_4_7.png,370
1237.jpg,1501.jpg,1955.jpg,1955_1_5.png,371
1527.jpg,1041.jpg,1204.jpg,1527_4_4.png,372
1195.jpg,1527.jpg,1955.jpg,1527_4_1.png,373
883.jpg,100.jpg,1527.jpg,100_4_6.png,374
1041.jpg,1955.jpg,354.jpg,354_3_2.png,375
1527.jpg,1344.jpg,1955.jpg,1527_1_10.png,376
1041.jpg,1527.jpg,100.jpg,1041_3_4.png,377
354.jpg,1501.jpg,106.jpg,1501_1_6.png,378
106.jpg,1527.jpg,1195.jpg,1527_1_7.png,379
1041.jpg,1955.jpg,1237.jpg,1955_4_8.png,380
1195.jpg,1955.jpg,1041.jpg,1041_2_4.png,381
270.jpg,1204.jpg,106.jpg,1204_4_7.png,382
1204.jpg,270.jpg,1041.jpg,1204_3_5.png,383
1527.jpg,1501.jpg,1237.jpg,1527_1_9.png,384
1204.jpg,1501.jpg,242.jpg,1204_3_6.png,385
1237.jpg,1041.jpg,1195.jpg,1237_3_10.png,386
106.jpg,270.jpg,883.jpg,270_1_9.png,387
100.jpg,1204.jpg,354.jpg,1204_3_3.png,388
883.jpg,1344.jpg,1527.jpg,1344_3_2.png,389
106.jpg,1344.jpg,270.jpg,106_4_4.png,390
1344.jpg,883.jpg,1204.jpg,1344_4_2.png,391
1527.jpg,1344.jpg,106.jpg,106_3_2.png,392
1344.jpg,883.jpg,1041.jpg,1041_1_2.png,393
883.jpg,1204.jpg,354.jpg,883_3_3.png,394
106.jpg,1204.jpg,1041.jpg,1041_2_9.png,395
1041.jpg,1195.jpg,1344.jpg,1344_2_2.png,396
1195.jpg,106.jpg,100.jpg,106_4_1.png,397
1204.jpg,1195.jpg,270.jpg,1195_4_2.png,398
106.jpg,1237.jpg,354.jpg,106_3_10.png,399
1527.jpg,1041.jpg,883.jpg,1041_4_8.png,400
1955.jpg,1501.jpg,1041.jpg,1955_1_3.png,401
1237.jpg,100.jpg,270.jpg,270_3_1.png,402
1344.jpg,106.jpg,100.jpg,1344_3_6.png,403
100.jpg,242.jpg,1204.jpg,242_1_1.png,404
1955.jpg,1204.jpg,100.jpg,1955_1_4.png,405
106.jpg,1237.jpg,100.jpg,106_4_8.png,406
1501.jpg,106.jpg,1041.jpg,1041_2_8.png,407
106.jpg,1344.jpg,354.jpg,354_3_1.png,408
1204.jpg,1041.jpg,1955.jpg,1041_2_10.png,409
270.jpg,1501.jpg,1237.jpg,1501_2_3.png,410
106.jpg,883.jpg,1041.jpg,106_3_5.png,411
270.jpg,1195.jpg,1501.jpg,1501_3_1.png,412
354.jpg,1041.jpg,1204.jpg,354_1_3.png,413
1195.jpg,1955.jpg,1501.jpg,1955_1_9.png,414
106.jpg,270.jpg,1041.jpg,1041_4_9.png,415
1527.jpg,883.jpg,354.jpg,883_2_9.png,416
100.jpg,106.jpg,354.jpg,354_1_9.png,417
1955.jpg,1501.jpg,1344.jpg,1344_4_8.png,418
354.jpg,100.jpg,1527.jpg,100_2_7.png,419
1204.jpg,883.jpg,1195.jpg,1204_2_7.png,420
883.jpg,100.jpg,1955.jpg,100_1_2.png,421
1204.jpg,100.jpg,242.jpg,1204_3_2.png,422
1344.jpg,354.jpg,106.jpg,354_1_6.png,423
1527.jpg,242.jpg,100.jpg,1527_1_6.png,424
1344.jpg,1237.jpg,1041.jpg,1041_4_3.png,425
1237.jpg,106.jpg,242.jpg,1237_4_6.png,426
1344.jpg,270.jpg,883.jpg,883_3_4.png,427
354.jpg,100.jpg,242.jpg,100_4_4.png,428
1344.jpg,1955.jpg,883.jpg,1344_2_3.png,429
1237.jpg,270.jpg,1195.jpg,1195_1_8.png,430
242.jpg,883.jpg,100.jpg,100_2_10.png,431
1344.jpg,106.jpg,1041.jpg,1344_2_10.png,432
1041.jpg,270.jpg,1204.jpg,1204_4_8.png,433
106.jpg,1204.jpg,242.jpg,106_3_9.png,434
106.jpg,100.jpg,1344.jpg,1344_1_7.png,435
1195.jpg,1501.jpg,1527.jpg,1527_2_10.png,436
1041.jpg,354.jpg,1501.jpg,354_1_4.png,437
1195.jpg,354.jpg,106.jpg,1195_3_8.png,438
1204.jpg,270.jpg,354.jpg,1204_2_3.png,439
1204.jpg,1501.jpg,883.jpg,1501_4_5.png,440
270.jpg,1501.jpg,106.jpg,106_3_4.png,441
1527.jpg,1955.jpg,1195.jpg,1955_4_3.png,442
106.jpg,883.jpg,1955.jpg,106_1_10.png,443
354.jpg,1344.jpg,1955.jpg,354_4_3.png,444
1527.jpg,1195.jpg,106.jpg,1195_2_9.png,445
100.jpg,270.jpg,354.jpg,270_1_6.png,446
1527.jpg,1501.jpg,1041.jpg,1527_1_3.png,447
1527.jpg,106.jpg,100.jpg,1527_4_8.png,448
1237.jpg,1501.jpg,1527.jpg,1501_1_9.png,449
1195.jpg,1237.jpg,1955.jpg,1955_2_8.png,450
1955.jpg,1527.jpg,106.jpg,106_1_8.png,451
883.jpg,1195.jpg,270.jpg,1195_1_6.png,452
354.jpg,1955.jpg,1041.jpg,1955_2_3.png,453
242.jpg,106.jpg,270.jpg,242_3_5.png,454
1041.jpg,1204.jpg,354.jpg,1041_3_3.png,455
100.jpg,1195.jpg,1955.jpg,1955_2_7.png,456
1204.jpg,1237.jpg,1955.jpg,1237_3_5.png,457
1204.jpg,100.jpg,242.jpg,1204_3_7.png,458
354.jpg,1344.jpg,1237.jpg,354_2_10.png,459
270.jpg,1237.jpg,1344.jpg,1237_2_7.png,460
1195.jpg,1527.jpg,1041.jpg,1527_2_2.png,461
1527.jpg,242.jpg,1204.jpg,242_1_10.png,462
883.jpg,1527.jpg,242.jpg,242_3_4.png,463
100.jpg,1195.jpg,1204.jpg,1195_2_8.png,464
1344.jpg,1195.jpg,1501.jpg,1501_3_5.png,465
242.jpg,883.jpg,1955.jpg,883_4_7.png,466
270.jpg,1344.jpg,1501.jpg,1344_4_4.png,467
242.jpg,1204.jpg,1527.jpg,1527_4_10.png,468
1527.jpg,1195.jpg,270.jpg,270_4_10.png,469
1955.jpg,100.jpg,1204.jpg,1204_3_4.png,470
1501.jpg,1344.jpg,1204.jpg,1501_1_10.png,471
1195.jpg,1344.jpg,1955.jpg,1344_4_7.png,472
1527.jpg,1955.jpg,1204.jpg,1527_1_8.png,473
100.jpg,1237.jpg,1501.jpg,100_3_9.png,474
1204.jpg,1955.jpg,1237.jpg,1237_1_10.png,475
1041.jpg,354.jpg,1501.jpg,1041_1_3.png,476
1955.jpg,1204.jpg,1195.jpg,1195_2_2.png,477
1344.jpg,1501.jpg,883.jpg,1501_4_9.png,478
1041.jpg,354.jpg,1955.jpg,354_1_5.png,479
1501.jpg,1237.jpg,1344.jpg,1344_1_6.png,480
1204.jpg,242.jpg,270.jpg,242_1_6.png,481
106.jpg,1344.jpg,270.jpg,106_1_9.png,482
100.jpg,1501.jpg,270.jpg,100_1_3.png,483
270.jpg,100.jpg,1195.jpg,1195_4_8.png,484
1041.jpg,1344.jpg,1195.jpg,1041_1_9.png,485
1195.jpg,1041.jpg,270.jpg,1041_4_7.png,486
1195.jpg,1501.jpg,1955.jpg,1501_4_3.png,487
1237.jpg,270.jpg,106.jpg,106_2_5.png,488
1527.jpg,270.jpg,242.jpg,242_2_6.png,489
354.jpg,106.jpg,1195.jpg,354_2_6.png,490
242.jpg,106.jpg,1195.jpg,106_4_10.png,491
1041.jpg,1527.jpg,1237.jpg,1237_3_1.png,492
1955.jpg,354.jpg,1195.jpg,1195_2_6.png,493
106.jpg,242.jpg,270.jpg,270_1_1.png,494
1237.jpg,883.jpg,242.jpg,1237_3_8.png,495
270.jpg,1501.jpg,354.jpg,1501_1_2.png,496
883.jpg,1204.jpg,354.jpg,1204_3_1.png,497
354.jpg,1344.jpg,1204.jpg,354_3_10.png,498
1955.jpg,1041.jpg,883.jpg,1041_2_7.png,499
242.jpg,100.jpg,270.jpg,242_3_1.png,500
1237.jpg,270.jpg,354.jpg,1237_2_9.png,501
1501.jpg,242.jpg,1195.jpg,1195_2_5.png,502
1955.jpg,1237.jpg,106.jpg,1955_3_1.png,503
1041.jpg,1955.jpg,242.jpg,242_2_9.png,504
100.jpg,1344.jpg,270.jpg,270_1_7.png,505
1955.jpg,1195.jpg,883.jpg,1955_3_4.png,506
1041.jpg,354.jpg,1195.jpg,1195_4_5.png,507
270.jpg,1501.jpg,1527.jpg,1527_3_9.png,508
354.jpg,270.jpg,1501.jpg,270_3_6.png,509
1195.jpg,1237.jpg,100.jpg,1237_2_2.png,510
1237.jpg,354.jpg,1195.jpg,1195_3_3.png,511
1237.jpg,106.jpg,1527.jpg,106_3_7.png,512
1237.jpg,242.jpg,106.jpg,242_2_3.png,513
1041.jpg,242.jpg,1237.jpg,1041_1_8.png,514
1204.jpg,1195.jpg,106.jpg,106_2_10.png,515
1195.jpg,1501.jpg,1344.jpg,1195_4_6.png,516
883.jpg,1204.jpg,1041.jpg,1204_2_10.png,517
1501.jpg,1955.jpg,242.jpg,1955_2_9.png,518
1527.jpg,1195.jpg,242.jpg,1527_3_10.png,519
354.jpg,270.jpg,1527.jpg,1527_4_9.png,520
354.jpg,100.jpg,1527.jpg,1527_4_3.png,521
1527.jpg,354.jpg,1955.jpg,354_4_5.png,522
270.jpg,1237.jpg,242.jpg,1237_1_2.png,523
1195.jpg,1041.jpg,354.jpg,354_4_8.png,524
1344.jpg,1527.jpg,106.jpg,1344_1_9.png,525
354.jpg,1344.jpg,106.jpg,354_3_9.png,526
1344.jpg,354.jpg,1527.jpg,354_4_10.png,527
242.jpg,1237.jpg,354.jpg,1237_2_1.png,528
1041.jpg,106.jpg,1195.jpg,1041_2_2.png,529
1041.jpg,883.jpg,1501.jpg,1501_3_9.png,530
100.jpg,1527.jpg,1501.jpg,1527_2_1.png,531
1237.jpg,354.jpg,1195.jpg,1237_4_9.png,532
1501.jpg,1041.jpg,354.jpg,1501_3_4.png,533
1237.jpg,1955.jpg,883.jpg,883_4_8.png,534
1501.jpg,883.jpg,1237.jpg,1237_2_4.png,535
354.jpg,1195.jpg,1344.jpg,354_1_2.png,536
354.jpg,1527.jpg,1204.jpg,1204_4_10.png,537
1204.jpg,1344.jpg,100.jpg,1344_4_5.png,538
1237.jpg,1195.jpg,100.jpg,1195_4_9.png,539
100.jpg,270.jpg,883.jpg,100_4_9.png,540
270.jpg,242.jpg,1041.jpg,270_2_1.png,541
1501.jpg,1344.jpg,1041.jpg,1344_3_10.png,542
1041.jpg,242.jpg,100.jpg,242_1_9.png,543
883.jpg,1527.jpg,1237.jpg,883_4_6.png,544
883.jpg,1527.jpg,106.jpg,883_4_3.png,545
100.jpg,354.jpg,1204.jpg,100_2_6.png,546
354.jpg,242.jpg,1527.jpg,1527_3_3.png,547
1527.jpg,1195.jpg,1955.jpg,1195_2_4.png,548
270.jpg,1195.jpg,1955.jpg,270_2_7.png,549
1344.jpg,1204.jpg,1195.jpg,1204_4_9.png,550
1501.jpg,1344.jpg,1195.jpg,1501_3_2.png,551
1041.jpg,1527.jpg,354.jpg,1041_1_7.png,552
270.jpg,100.jpg,1041.jpg,100_1_6.png,553
106.jpg,1041.jpg,1501.jpg,1501_2_6.png,554
1955.jpg,100.jpg,1501.jpg,1955_1_1.png,555
106.jpg,1195.jpg,883.jpg,1195_2_7.png,556
1204.jpg,100.jpg,1344.jpg,100_2_2.png,557
1344.jpg,106.jpg,883.jpg,883_3_1.png,558
354.jpg,1041.jpg,1237.jpg,1041_1_5.png,559
106.jpg,1195.jpg,100.jpg,100_3_3.png,560