image1,image2,image3,sketch
1237.jpg,100.jpg,1344.jpg,D1-1-100-001010.png
106.jpg,100.jpg,242.jpg,D1-1-100-100000.png
100.jpg,1041.jpg,1955.jpg,D1-1-100-111111.png
1237.jpg,1204.jpg,106.jpg,D1-1-106-010000.png
100.jpg,1344.jpg,106.jpg,D1-1-106-010110.png
1041.jpg,106.jpg,1501.jpg,D1-1-106-111111.png
1344.jpg,883.jpg,242.jpg,D1-1-242-000011.png
1237.jpg,100.jpg,242.jpg,D1-1-242-010101.png
1204.jpg,270.jpg,242.jpg,D1-1-242-111111.png
242.jpg,1041.jpg,270.jpg,D1-1-270-001000.png
100.jpg,270.jpg,1204.jpg,D1-1-270-001001.png
883.jpg,270.jpg,1501.jpg,D1-1-270-111111.png
106.jpg,354.jpg,1204.jpg,D1-1-354-000100.png
1204.jpg,1955.jpg,354.jpg,D1-1-354-010011.png
883.jpg,354.jpg,1344.jpg,D1-1-354-111111.png
1527.jpg,242.jpg,883.jpg,D1-1-883-001110.png
883.jpg,1955.jpg,106.jpg,D1-1-883-110000.png
1501.jpg,883.jpg,1195.jpg,D1-1-883-111111.png
1501.jpg,883.jpg,1041.jpg,D1-1-1041-000010.png
1041.jpg,354.jpg,270.jpg,D1-1-1041-000110.png
1041.jpg,354.jpg,242.jpg,D1-1-1041-111111.png
1195.jpg,1527.jpg,270.jpg,D1-1-1195-000001.png
1237.jpg,242.jpg,1195.jpg,D1-1-1195-001101.png
106.jpg,1195.jpg,270.jpg,D1-1-1195-111111.png
1955.jpg,1204.jpg,100.jpg,D1-1-1204-011001.png
106.jpg,1204.jpg,1527.jpg,D1-1-1204-101000.png
1237.jpg,1204.jpg,270.jpg,D1-1-1204-111101.png
106.jpg,1237.jpg,242.jpg,D1-1-1237-100000.png
354.jpg,100.jpg,1237.jpg,D1-1-1237-110010.png
1237.jpg,1041.jpg,1344.jpg,D1-1-1237-111011.png
1955.jpg,1344.jpg,1237.jpg,D1-1-1344-010000.png
1344.jpg,100.jpg,1527.jpg,D1-1-1344-101010.png
1344.jpg,1195.jpg,883.jpg,D1-1-1344-111110.png
270.jpg,100.jpg,1501.jpg,D1-1-1501-100100.png
1501.jpg,106.jpg,1527.jpg,D1-1-1501-111000.png
1344.jpg,106.jpg,1501.jpg,D1-1-1501-111101.png
1527.jpg,1204.jpg,1955.jpg,D1-1-1527-001000.png
1955.jpg,1527.jpg,100.jpg,D1-1-1527-001001.png
1344.jpg,1527.jpg,1195.jpg,D1-1-1527-111101.png
1955.jpg,1195.jpg,883.jpg,D1-1-1955-000100.png
1237.jpg,1955.jpg,1501.jpg,D1-1-1955-110100.png
1955.jpg,1501.jpg,1344.jpg,D1-1-1955-111110.png
100.jpg,1195.jpg,270.jpg,D1-2-100-100010.png
100.jpg,1204.jpg,1501.jpg,D1-2-100-110010.png
100.jpg,1344.jpg,1527.jpg,D1-2-100-111111.png
106.jpg,1344.jpg,270.jpg,D1-2-106-000010.png
242.jpg,106.jpg,1527.jpg,D1-2-106-110000.png
1041.jpg,1501.jpg,106.jpg,D1-2-106-111111.png
242.jpg,1204.jpg,1527.jpg,D1-2-242-001000.png
354.jpg,242.jpg,1955.jpg,D1-2-242-100110.png
1195.jpg,1527.jpg,242.jpg,D1-2-242-111110.png
883.jpg,1344.jpg,270.jpg,D1-2-270-011000.png
242.jpg,1195.jpg,270.jpg,D1-2-270-101100.png
100.jpg,1204.jpg,270.jpg,D1-2-270-111110.png
1041.jpg,354.jpg,106.jpg,D1-2-354-100000.png
1344.jpg,242.jpg,354.jpg,D1-2-354-101000.png
354.jpg,270.jpg,100.jpg,D1-2-354-111111.png
1955.jpg,883.jpg,1041.jpg,D1-2-883-001011.png
883.jpg,1955.jpg,242.jpg,D1-2-883-010000.png
1204.jpg,1501.jpg,883.jpg,D1-2-883-110111.png
1041.jpg,1501.jpg,270.jpg,D1-2-1041-100001.png
270.jpg,1041.jpg,1195.jpg,D1-2-1041-110100.png
242.jpg,1955.jpg,1041.jpg,D1-2-1041-110111.png
1527.jpg,1195.jpg,1501.jpg,D1-2-1195-001000.png
270.jpg,1195.jpg,100.jpg,D1-2-1195-100100.png
1195.jpg,1204.jpg,1955.jpg,D1-2-1195-111111.png
1041.jpg,1204.jpg,354.jpg,D1-2-1204-110001.png
1204.jpg,106.jpg,1527.jpg,D1-2-1204-111000.png
1204.jpg,100.jpg,270.jpg,D1-2-1204-111011.png
1204.jpg,1237.jpg,354.jpg,D1-2-1237-100101.png
1237.jpg,1955.jpg,270.jpg,D1-2-1237-100110.png
1041.jpg,100.jpg,1237.jpg,D1-2-1237-101111.png
100.jpg,1344.jpg,1204.jpg,D1-2-1344-000010.png
100.jpg,1344.jpg,1237.jpg,D1-2-1344-100010.png
1955.jpg,1344.jpg,1527.jpg,D1-2-1344-111011.png
1344.jpg,1204.jpg,1501.jpg,D1-2-1501-000001.png
1527.jpg,1501.jpg,1195.jpg,D1-2-1501-100011.png
1195.jpg,1955.jpg,1501.jpg,D1-2-1501-111011.png
242.jpg,1527.jpg,1195.jpg,D1-2-1527-000011.png
270.jpg,1527.jpg,1195.jpg,D1-2-1527-101001.png
106.jpg,1195.jpg,1527.jpg,D1-2-1527-101011.png
100.jpg,1204.jpg,1955.jpg,D1-2-1955-100000.png
1955.jpg,270.jpg,106.jpg,D1-2-1955-100001.png
1041.jpg,1955.jpg,100.jpg,D1-2-1955-111111.png
100.jpg,1344.jpg,1237.jpg,D1-3-100-011100.png
354.jpg,100.jpg,106.jpg,D1-3-100-100000.png
106.jpg,100.jpg,1195.jpg,D1-3-100-111100.png
1237.jpg,242.jpg,106.jpg,D1-3-106-010001.png
1237.jpg,106.jpg,1501.jpg,D1-3-106-011001.png
1041.jpg,1237.jpg,106.jpg,D1-3-106-111111.png
106.jpg,1955.jpg,242.jpg,D1-3-242-001000.png
242.jpg,354.jpg,1501.jpg,D1-3-242-011000.png
1204.jpg,354.jpg,242.jpg,D1-3-242-111111.png
270.jpg,1204.jpg,1955.jpg,D1-3-270-000100.png
354.jpg,1344.jpg,270.jpg,D1-3-270-010110.png
1041.jpg,1501.jpg,270.jpg,D1-3-270-111110.png
354.jpg,1344.jpg,1501.jpg,D1-3-354-001100.png
354.jpg,1501.jpg,1204.jpg,D1-3-354-001110.png
354.jpg,1955.jpg,100.jpg,D1-3-354-111110.png
1041.jpg,1237.jpg,883.jpg,D1-3-883-000010.png
1237.jpg,270.jpg,883.jpg,D1-3-883-110000.png
883.jpg,1195.jpg,1955.jpg,D1-3-883-111011.png
883.jpg,1041.jpg,1237.jpg,D1-3-1041-001000.png
1527.jpg,1501.jpg,1041.jpg,D1-3-1041-111000.png
1041.jpg,1527.jpg,106.jpg,D1-3-1041-111110.png
1204.jpg,1527.jpg,1195.jpg,D1-3-1195-010101.png
1195.jpg,1501.jpg,270.jpg,D1-3-1195-100001.png
270.jpg,1195.jpg,1527.jpg,D1-3-1195-110111.png
883.jpg,242.jpg,1204.jpg,D1-3-1204-100000.png
1204.jpg,1527.jpg,106.jpg,D1-3-1204-100001.png
1204.jpg,100.jpg,1344.jpg,D1-3-1204-101111.png
1237.jpg,354.jpg,100.jpg,D1-3-1237-001101.png
242.jpg,1237.jpg,1501.jpg,D1-3-1237-010000.png
1527.jpg,1237.jpg,1501.jpg,D1-3-1237-111111.png
1955.jpg,270.jpg,1344.jpg,D1-3-1344-100001.png
883.jpg,1204.jpg,1344.jpg,D1-3-1344-100011.png
1237.jpg,1344.jpg,354.jpg,D1-3-1344-110111.png
1204.jpg,1501.jpg,1527.jpg,D1-3-1501-000001.png
1501.jpg,242.jpg,354.jpg,D1-3-1501-010001.png
242.jpg,1501.jpg,1041.jpg,D1-3-1501-110111.png
1237.jpg,1204.jpg,1527.jpg,D1-3-1527-000100.png
1527.jpg,1344.jpg,270.jpg,D1-3-1527-000111.png
106.jpg,1527.jpg,883.jpg,D1-3-1527-110111.png
1237.jpg,1195.jpg,1955.jpg,D1-3-1955-000110.png
1041.jpg,883.jpg,1955.jpg,D1-3-1955-010011.png
1501.jpg,1955.jpg,1204.jpg,D1-3-1955-110111.png
1527.jpg,883.jpg,100.jpg,D2-1-100-000010.png
1237.jpg,1195.jpg,100.jpg,D2-1-100-001100.png
100.jpg,1955.jpg,883.jpg,D2-1-100-011110.png
1041.jpg,270.jpg,106.jpg,D2-1-106-000100.png
1955.jpg,106.jpg,883.jpg,D2-1-106-001010.png
1527.jpg,106.jpg,1041.jpg,D2-1-106-001110.png
100.jpg,242.jpg,1195.jpg,D2-1-242-000101.png
242.jpg,100.jpg,1955.jpg,D2-1-242-110010.png
242.jpg,1344.jpg,1195.jpg,D2-1-242-111111.png
1955.jpg,1195.jpg,270.jpg,D2-1-270-000010.png
270.jpg,883.jpg,1344.jpg,D2-1-270-110100.png
270.jpg,1501.jpg,1344.jpg,D2-1-270-110110.png
883.jpg,100.jpg,354.jpg,D2-1-354-001110.png
354.jpg,1204.jpg,270.jpg,D2-1-354-010000.png
354.jpg,1195.jpg,242.jpg,D2-1-354-011110.png
883.jpg,100.jpg,1237.jpg,D2-1-883-000010.png
883.jpg,1237.jpg,100.jpg,D2-1-883-010100.png
1955.jpg,1237.jpg,883.jpg,D2-1-883-010110.png
1041.jpg,1527.jpg,354.jpg,D2-1-1041-001000.png
1237.jpg,883.jpg,1041.jpg,D2-1-1041-001100.png
354.jpg,1041.jpg,883.jpg,D2-1-1041-111110.png
1195.jpg,1237.jpg,270.jpg,D2-1-1195-000100.png
1195.jpg,1344.jpg,1041.jpg,D2-1-1195-101010.png
1344.jpg,1195.jpg,1204.jpg,D2-1-1195-111110.png
100.jpg,1527.jpg,1204.jpg,D2-1-1204-000100.png
1204.jpg,1955.jpg,1501.jpg,D2-1-1204-010010.png
1344.jpg,354.jpg,1204.jpg,D2-1-1204-010110.png
1204.jpg,1501.jpg,1237.jpg,D2-1-1237-000010.png
270.jpg,1041.jpg,1237.jpg,D2-1-1237-000110.png
106.jpg,270.jpg,1237.jpg,D2-1-1237-101111.png
1204.jpg,1195.jpg,1344.jpg,D2-1-1344-000001.png
1527.jpg,1344.jpg,1955.jpg,D2-1-1344-100110.png
270.jpg,1955.jpg,1344.jpg,D2-1-1344-101111.png
1501.jpg,1344.jpg,354.jpg,D2-1-1501-100001.png
106.jpg,1204.jpg,1501.jpg,D2-1-1501-100101.png
1204.jpg,883.jpg,1501.jpg,D2-1-1501-110111.png
100.jpg,1527.jpg,106.jpg,D2-1-1527-000101.png
242.jpg,270.jpg,1527.jpg,D2-1-1527-100000.png
1527.jpg,1501.jpg,270.jpg,D2-1-1527-101111.png
1237.jpg,1955.jpg,270.jpg,D2-1-1955-010000.png
270.jpg,1955.jpg,1501.jpg,D2-1-1955-100100.png
100.jpg,883.jpg,1955.jpg,D2-1-1955-110100.png
100.jpg,1344.jpg,1527.jpg,D2-2-100-011100.png
1344.jpg,1955.jpg,100.jpg,D2-2-100-100100.png
100.jpg,1041.jpg,1501.jpg,D2-2-100-111110.png
106.jpg,242.jpg,1501.jpg,D2-2-106-100010.png
1204.jpg,883.jpg,106.jpg,D2-2-106-110100.png
1041.jpg,270.jpg,106.jpg,D2-2-106-110110.png
100.jpg,242.jpg,1041.jpg,D2-2-242-000100.png
1955.jpg,1344.jpg,242.jpg,D2-2-242-011010.png
242.jpg,1501.jpg,100.jpg,D2-2-242-111111.png
270.jpg,242.jpg,1041.jpg,D2-2-270-000101.png
1237.jpg,270.jpg,106.jpg,D2-2-270-010010.png
1237.jpg,270.jpg,100.jpg,D2-2-270-010111.png
1195.jpg,1955.jpg,354.jpg,D2-2-354-000010.png
354.jpg,1955.jpg,1501.jpg,D2-2-354-010100.png
354.jpg,1237.jpg,1195.jpg,D2-2-354-010110.png
1501.jpg,883.jpg,106.jpg,D2-2-883-000001.png
100.jpg,1955.jpg,883.jpg,D2-2-883-010110.png
1344.jpg,883.jpg,1527.jpg,D2-2-883-010111.png
883.jpg,1041.jpg,354.jpg,D2-2-1041-010010.png
1204.jpg,883.jpg,1041.jpg,D2-2-1041-010101.png
1041.jpg,1195.jpg,883.jpg,D2-2-1041-010111.png
1041.jpg,270.jpg,1195.jpg,D2-2-1195-100000.png
242.jpg,1955.jpg,1195.jpg,D2-2-1195-101000.png
1204.jpg,1344.jpg,1195.jpg,D2-2-1195-111110.png
1204.jpg,1195.jpg,1955.jpg,D2-2-1204-000110.png
1204.jpg,1527.jpg,100.jpg,D2-2-1204-010000.png
270.jpg,1955.jpg,1204.jpg,D2-2-1204-010110.png
1237.jpg,1955.jpg,106.jpg,D2-2-1237-001110.png
242.jpg,1237.jpg,1204.jpg,D2-2-1237-011000.png
270.jpg,1344.jpg,1237.jpg,D2-2-1237-111111.png
1195.jpg,1344.jpg,354.jpg,D2-2-1344-000001.png
1344.jpg,1237.jpg,1955.jpg,D2-2-1344-100100.png
883.jpg,1344.jpg,1041.jpg,D2-2-1344-100111.png
1195.jpg,1501.jpg,1041.jpg,D2-2-1501-000100.png
1501.jpg,1955.jpg,354.jpg,D2-2-1501-010011.png
1501.jpg,1041.jpg,242.jpg,D2-2-1501-110111.png
1501.jpg,100.jpg,1527.jpg,D2-2-1527-000011.png
1527.jpg,1955.jpg,1204.jpg,D2-2-1527-000111.png
1527.jpg,100.jpg,242.jpg,D2-2-1527-110111.png
242.jpg,1955.jpg,1041.jpg,D2-2-1955-000010.png
100.jpg,1955.jpg,1041.jpg,D2-2-1955-100100.png
100.jpg,1955.jpg,883.jpg,D2-2-1955-100111.png
100.jpg,106.jpg,1237.jpg,D2-3-100-000001.png
1195.jpg,100.jpg,1501.jpg,D2-3-100-000111.png
1955.jpg,100.jpg,1204.jpg,D2-3-100-110111.png
100.jpg,106.jpg,270.jpg,D2-3-106-010010.png
106.jpg,1344.jpg,270.jpg,D2-3-106-110001.png
106.jpg,1237.jpg,1344.jpg,D2-3-106-110111.png
1204.jpg,1237.jpg,242.jpg,D2-3-242-001010.png
1501.jpg,242.jpg,883.jpg,D2-3-242-100000.png
100.jpg,242.jpg,1237.jpg,D2-3-242-111110.png
270.jpg,883.jpg,1204.jpg,D2-3-270-000011.png
270.jpg,1344.jpg,1204.jpg,D2-3-270-010000.png
1237.jpg,270.jpg,1527.jpg,D2-3-270-010011.png
354.jpg,1501.jpg,1344.jpg,D2-3-354-010001.png
354.jpg,270.jpg,1344.jpg,D2-3-354-110010.png
354.jpg,1501.jpg,883.jpg,D2-3-354-110011.png
1195.jpg,1344.jpg,883.jpg,D2-3-883-000001.png
354.jpg,1501.jpg,883.jpg,D2-3-883-000110.png
1344.jpg,1527.jpg,883.jpg,D2-3-883-010111.png
1955.jpg,1041.jpg,1237.jpg,D2-3-1041-000100.png
883.jpg,1041.jpg,1527.jpg,D2-3-1041-110001.png
1955.jpg,1204.jpg,1041.jpg,D2-3-1041-111111.png
270.jpg,1195.jpg,883.jpg,D2-3-1195-001100.png
1041.jpg,1501.jpg,1195.jpg,D2-3-1195-101100.png
1344.jpg,1195.jpg,242.jpg,D2-3-1195-111111.png
1041.jpg,1344.jpg,1204.jpg,D2-3-1204-000010.png
1195.jpg,354.jpg,1204.jpg,D2-3-1204-010100.png
1527.jpg,1237.jpg,1204.jpg,D2-3-1204-110111.png
1344.jpg,1527.jpg,1237.jpg,D2-3-1237-000001.png
242.jpg,1237.jpg,1955.jpg,D2-3-1237-101010.png
100.jpg,1344.jpg,1237.jpg,D2-3-1237-111111.png
1204.jpg,1344.jpg,100.jpg,D2-3-1344-001010.png
270.jpg,1344.jpg,1041.jpg,D2-3-1344-101001.png
1344.jpg,242.jpg,106.jpg,D2-3-1344-101111.png
1955.jpg,1501.jpg,270.jpg,D2-3-1501-001000.png
1204.jpg,242.jpg,1501.jpg,D2-3-1501-010010.png
883.jpg,1501.jpg,1344.jpg,D2-3-1501-011111.png
1527.jpg,1204.jpg,1344.jpg,D2-3-1527-010000.png
1041.jpg,1527.jpg,100.jpg,D2-3-1527-100110.png
1501.jpg,242.jpg,1527.jpg,D2-3-1527-110111.png
1955.jpg,1237.jpg,1527.jpg,D2-3-1955-100010.png
1344.jpg,1237.jpg,1955.jpg,D2-3-1955-100101.png
1501.jpg,1955.jpg,1344.jpg,D2-3-1955-100111.png
1344.jpg,270.jpg,100.jpg,D3-1-100-010001.png
1527.jpg,100.jpg,1204.jpg,D3-1-100-100000.png
270.jpg,106.jpg,100.jpg,D3-1-100-110111.png
1344.jpg,106.jpg,1041.jpg,D3-1-106-000100.png
106.jpg,270.jpg,1955.jpg,D3-1-106-001101.png
106.jpg,242.jpg,1344.jpg,D3-1-106-111101.png
242.jpg,1195.jpg,1237.jpg,D3-1-242-000110.png
242.jpg,1195.jpg,1955.jpg,D3-1-242-011100.png
100.jpg,1955.jpg,242.jpg,D3-1-242-111111.png
1041.jpg,270.jpg,1501.jpg,D3-1-270-000010.png
1041.jpg,242.jpg,270.jpg,D3-1-270-001100.png
270.jpg,1344.jpg,1195.jpg,D3-1-270-111111.png
354.jpg,106.jpg,1237.jpg,D3-1-354-000100.png
883.jpg,1955.jpg,354.jpg,D3-1-354-011010.png
354.jpg,1041.jpg,1344.jpg,D3-1-354-011110.png
883.jpg,270.jpg,1955.jpg,D3-1-883-000101.png
270.jpg,883.jpg,1041.jpg,D3-1-883-011001.png
883.jpg,270.jpg,1204.jpg,D3-1-883-111111.png
1041.jpg,270.jpg,1237.jpg,D3-1-1041-000001.png
1041.jpg,1501.jpg,242.jpg,D3-1-1041-001010.png
1041.jpg,1501.jpg,1237.jpg,D3-1-1041-011111.png
1195.jpg,100.jpg,270.jpg,D3-1-1195-010000.png
1955.jpg,1195.jpg,1041.jpg,D3-1-1195-010110.png
1237.jpg,1195.jpg,100.jpg,D3-1-1195-111111.png
1204.jpg,354.jpg,883.jpg,D3-1-1204-000011.png
1204.jpg,270.jpg,242.jpg,D3-1-1204-010101.png
1204.jpg,1237.jpg,270.jpg,D3-1-1204-011111.png
354.jpg,883.jpg,1237.jpg,D3-1-1237-001000.png
1237.jpg,100.jpg,1195.jpg,D3-1-1237-001001.png
1527.jpg,883.jpg,1237.jpg,D3-1-1237-111111.png
1344.jpg,242.jpg,1204.jpg,D3-1-1344-000100.png
1041.jpg,1344.jpg,1527.jpg,D3-1-1344-001110.png
1195.jpg,354.jpg,1344.jpg,D3-1-1344-111110.png
1501.jpg,883.jpg,1195.jpg,D3-1-1501-100011.png
100.jpg,1955.jpg,1501.jpg,D3-1-1501-110000.png
1955.jpg,1195.jpg,1501.jpg,D3-1-1501-110111.png
1237.jpg,883.jpg,1527.jpg,D3-1-1527-000010.png
1527.jpg,1501.jpg,1344.jpg,D3-1-1527-000110.png
1237.jpg,883.jpg,1527.jpg,D3-1-1527-110111.png
354.jpg,1955.jpg,270.jpg,D3-1-1955-000001.png
242.jpg,1501.jpg,1955.jpg,D3-1-1955-001101.png
1955.jpg,270.jpg,1344.jpg,D3-1-1955-111111.png
1041.jpg,883.jpg,100.jpg,D3-2-100-001011.png
242.jpg,1204.jpg,100.jpg,D3-2-100-101000.png
100.jpg,1501.jpg,1237.jpg,D3-2-100-111111.png
270.jpg,106.jpg,1041.jpg,D3-2-106-000101.png
1501.jpg,106.jpg,270.jpg,D3-2-106-100000.png
106.jpg,270.jpg,1501.jpg,D3-2-106-111111.png
242.jpg,1204.jpg,1195.jpg,D3-2-242-010000.png
883.jpg,1955.jpg,242.jpg,D3-2-242-101100.png
242.jpg,1955.jpg,883.jpg,D3-2-242-111110.png
270.jpg,242.jpg,100.jpg,D3-2-270-100100.png
270.jpg,1041.jpg,242.jpg,D3-2-270-111000.png
1195.jpg,354.jpg,270.jpg,D3-2-270-111111.png
1527.jpg,1237.jpg,354.jpg,D3-2-354-000011.png
354.jpg,270.jpg,106.jpg,D3-2-354-001000.png
354.jpg,100.jpg,1237.jpg,D3-2-354-011111.png
1041.jpg,883.jpg,1501.jpg,D3-2-883-000111.png
100.jpg,106.jpg,883.jpg,D3-2-883-010000.png
883.jpg,1041.jpg,106.jpg,D3-2-883-010111.png
1204.jpg,1527.jpg,1041.jpg,D3-2-1041-100010.png
1955.jpg,1041.jpg,270.jpg,D3-2-1041-110010.png
1041.jpg,1195.jpg,270.jpg,D3-2-1041-111111.png
1527.jpg,1195.jpg,242.jpg,D3-2-1195-000010.png
1195.jpg,270.jpg,106.jpg,D3-2-1195-110000.png
1041.jpg,1195.jpg,883.jpg,D3-2-1195-111111.png
1501.jpg,1237.jpg,1204.jpg,D3-2-1204-000001.png
100.jpg,1204.jpg,242.jpg,D3-2-1204-110001.png
1204.jpg,242.jpg,1041.jpg,D3-2-1204-111111.png
1041.jpg,1237.jpg,106.jpg,D3-2-1237-011000.png
1344.jpg,270.jpg,1237.jpg,D3-2-1237-101100.png
242.jpg,1237.jpg,1041.jpg,D3-2-1237-111110.png
1527.jpg,1344.jpg,1195.jpg,D3-2-1344-100000.png
242.jpg,1344.jpg,354.jpg,D3-2-1344-101000.png
1195.jpg,1344.jpg,1955.jpg,D3-2-1344-111111.png
1501.jpg,270.jpg,242.jpg,D3-2-1501-010000.png
270.jpg,1501.jpg,1344.jpg,D3-2-1501-100101.png
100.jpg,1344.jpg,1501.jpg,D3-2-1501-110111.png
354.jpg,1344.jpg,1527.jpg,D3-2-1527-011000.png
1955.jpg,1344.jpg,1527.jpg,D3-2-1527-101001.png
1527.jpg,100.jpg,883.jpg,D3-2-1527-111111.png
1204.jpg,1237.jpg,1955.jpg,D3-2-1955-001000.png
1344.jpg,1204.jpg,1955.jpg,D3-2-1955-100100.png
1527.jpg,1955.jpg,1237.jpg,D3-2-1955-111111.png
100.jpg,106.jpg,1195.jpg,D3-3-100-100000.png
1527.jpg,354.jpg,100.jpg,D3-3-100-100110.png
1195.jpg,1237.jpg,100.jpg,D3-3-100-111111.png
270.jpg,1501.jpg,106.jpg,D3-3-106-010100.png
1344.jpg,106.jpg,100.jpg,D3-3-106-101010.png
1501.jpg,106.jpg,242.jpg,D3-3-106-111110.png
1237.jpg,242.jpg,270.jpg,D3-3-242-000010.png
242.jpg,1955.jpg,1344.jpg,D3-3-242-100010.png
883.jpg,242.jpg,100.jpg,D3-3-242-111111.png
270.jpg,1204.jpg,1041.jpg,D3-3-270-001000.png
270.jpg,1527.jpg,354.jpg,D3-3-270-110100.png
106.jpg,270.jpg,1955.jpg,D3-3-270-111110.png
354.jpg,106.jpg,242.jpg,D3-3-354-010010.png
354.jpg,1527.jpg,1237.jpg,D3-3-354-011100.png
1955.jpg,1204.jpg,354.jpg,D3-3-354-011111.png
1501.jpg,883.jpg,1041.jpg,D3-3-883-100000.png
1195.jpg,883.jpg,242.jpg,D3-3-883-100001.png
1195.jpg,883.jpg,100.jpg,D3-3-883-111111.png