100.jpg,D3-2-100-011111.png,D1-1-100-111111.png
100.jpg,D3-3-100-111101.png,D2-2-100-111100.png
100.jpg,D2-1-100-011110.png,D3-3-100-111111.png
100.jpg,D2-3-100-110101.png,D2-2-100-111110.png
100.jpg,D2-2-100-111110.png,D4-1-100-101111.png
100.jpg,D4-3-100-100000.png,D2-1-100-011010.png
100.jpg,D1-2-100-011111.png,D4-3-100-100001.png
100.jpg,D1-1-100-111110.png,D4-3-100-100000.png
100.jpg,D1-2-100-011111.png,D2-3-100-110111.png
100.jpg,D3-3-100-111101.png,D4-2-100-111101.png
100.jpg,D3-1-100-110111.png,D2-1-100-011110.png
100.jpg,D2-3-100-110111.png,D2-3-100-110101.png
100.jpg,D3-3-100-111111.png,D2-3-100-110111.png
100.jpg,D1-2-100-011111.png,D1-1-100-111110.png
100.jpg,D4-1-100-101101.png,D1-3-100-111100.png
100.jpg,D1-3-100-011100.png,D4-2-100-111101.png
100.jpg,D3-1-100-110111.png,D2-3-100-110111.png
100.jpg,D4-1-100-101111.png,D1-2-100-011111.png
100.jpg,D4-1-100-101111.png,D3-2-100-111111.png
100.jpg,D2-2-100-111110.png,D1-2-100-111111.png
100.jpg,D4-1-100-101111.png,D1-1-100-111111.png
100.jpg,D4-3-100-100001.png,D2-2-100-111100.png
100.jpg,D3-1-100-100111.png,D1-3-100-011100.png
100.jpg,D2-1-100-011010.png,D3-1-100-100111.png
100.jpg,D3-2-100-111111.png,D4-2-100-011101.png
100.jpg,D3-3-100-111101.png,D2-1-100-011010.png
100.jpg,D3-3-100-111101.png,D1-1-100-111110.png
100.jpg,D4-1-100-101101.png,D3-1-100-110111.png
100.jpg,D4-2-100-111101.png,D1-1-100-111110.png
100.jpg,D1-3-100-111100.png,D4-2-100-111101.png
100.jpg,D3-3-100-111111.png,D1-2-100-111111.png
100.jpg,D2-1-100-011110.png,D2-1-100-011010.png
100.jpg,D1-2-100-111111.png,D2-1-100-011110.png
100.jpg,D4-1-100-101101.png,D1-2-100-011111.png
100.jpg,D1-3-100-011100.png,D3-1-100-110111.png
100.jpg,D4-3-100-100001.png,D1-3-100-111100.png
100.jpg,D1-3-100-111100.png,D2-3-100-110111.png
100.jpg,D4-1-100-101111.png,D2-2-100-111100.png
100.jpg,D4-2-100-011101.png,D2-3-100-110111.png
100.jpg,D4-3-100-100001.png,D1-2-100-111111.png
100.jpg,D4-1-100-101111.png,D2-1-100-011110.png
100.jpg,D4-2-100-111101.png,D3-1-100-110111.png
100.jpg,D4-3-100-100001.png,D3-1-100-100111.png
100.jpg,D3-1-100-100111.png,D4-1-100-101101.png
100.jpg,D1-3-100-011100.png,D3-2-100-111111.png
100.jpg,D1-1-100-111111.png,D3-1-100-110111.png
100.jpg,D4-2-100-011101.png,D1-1-100-111111.png
100.jpg,D4-1-100-101111.png,D1-3-100-011100.png
100.jpg,D1-1-100-111110.png,D1-3-100-011100.png
100.jpg,D4-3-100-100001.png,D4-2-100-011101.png
100.jpg,D3-1-100-100111.png,D4-1-100-101111.png
100.jpg,D2-2-100-111110.png,D3-2-100-111111.png
100.jpg,D2-3-100-110111.png,D4-1-100-101111.png
100.jpg,D3-3-100-111101.png,D4-1-100-101101.png
100.jpg,D3-3-100-111101.png,D4-3-100-100001.png
100.jpg,D3-2-100-111111.png,D4-1-100-101101.png
100.jpg,D3-3-100-111101.png,D4-2-100-011101.png
100.jpg,D4-2-100-011101.png,D3-3-100-111111.png
100.jpg,D3-2-100-111111.png,D2-3-100-110111.png
100.jpg,D3-2-100-111111.png,D3-3-100-111111.png
100.jpg,D1-2-100-111111.png,D3-1-100-100111.png
100.jpg,D1-1-100-111111.png,D4-2-100-111101.png
100.jpg,D2-3-100-110101.png,D1-2-100-011111.png
100.jpg,D3-3-100-111111.png,D4-1-100-101101.png
100.jpg,D3-3-100-111101.png,D2-2-100-111110.png
100.jpg,D1-3-100-011100.png,D3-2-100-011111.png
100.jpg,D1-1-100-111110.png,D1-1-100-111111.png
100.jpg,D1-3-100-011100.png,D2-3-100-110111.png
100.jpg,D1-2-100-111111.png,D1-3-100-111100.png
100.jpg,D2-1-100-011110.png,D4-2-100-111101.png
100.jpg,D1-3-100-011100.png,D3-3-100-111101.png
100.jpg,D1-1-100-111110.png,D4-3-100-100001.png
106.jpg,D1-2-106-011111.png,D2-3-106-110101.png
106.jpg,D4-1-106-111110.png,D2-3-106-110101.png
106.jpg,D3-1-106-111101.png,D4-3-106-101001.png
106.jpg,D2-1-106-001010.png,D4-3-106-101011.png
106.jpg,D3-3-106-110110.png,D3-2-106-111111.png
106.jpg,D3-3-106-111110.png,D4-1-106-111111.png
106.jpg,D4-3-106-101011.png,D4-3-106-101001.png
106.jpg,D1-3-106-101111.png,D3-2-106-111111.png
106.jpg,D2-2-106-110110.png,D2-1-106-001010.png
106.jpg,D1-3-106-111111.png,D3-1-106-111001.png
106.jpg,D4-1-106-111111.png,D2-3-106-110111.png
106.jpg,D3-2-106-111111.png,D3-1-106-111001.png
106.jpg,D3-3-106-110110.png,D1-3-106-111111.png
106.jpg,D3-3-106-110110.png,D4-2-106-101011.png
106.jpg,D4-3-106-101011.png,D3-2-106-111110.png
106.jpg,D2-3-106-110101.png,D2-3-106-110111.png
106.jpg,D3-3-106-111110.png,D1-1-106-111111.png
106.jpg,D4-2-106-100011.png,D1-1-106-101111.png
106.jpg,D2-1-106-001010.png,D3-1-106-111001.png
106.jpg,D4-3-106-101001.png,D3-2-106-111111.png
106.jpg,D1-3-106-111111.png,D4-1-106-111111.png
106.jpg,D2-2-106-100110.png,D3-1-106-111101.png
106.jpg,D1-2-106-011111.png,D3-2-106-111110.png
106.jpg,D2-3-106-110101.png,D3-3-106-111110.png
106.jpg,D1-1-106-111111.png,D1-3-106-111111.png
106.jpg,D1-3-106-111111.png,D3-1-106-111101.png
106.jpg,D3-2-106-111110.png,D2-3-106-110101.png
106.jpg,D4-1-106-111111.png,D1-2-106-111111.png
106.jpg,D3-1-106-111101.png,D4-3-106-101011.png
106.jpg,D2-1-106-001110.png,D2-3-106-110111.png
106.jpg,D4-3-106-101011.png,D1-2-106-111111.png
106.jpg,D1-3-106-101111.png,D2-3-106-110111.png
106.jpg,D2-2-106-100110.png,D1-3-106-101111.png
106.jpg,D2-3-106-110111.png,D3-2-106-111111.png
106.jpg,D3-3-106-110110.png,D2-1-106-001110.png
106.jpg,D3-3-106-111110.png,D4-1-106-111110.png
106.jpg,D2-3-106-110111.png,D1-1-106-111111.png
106.jpg,D1-1-106-111111.png,D4-1-106-111111.png
106.jpg,D1-2-106-011111.png,D4-2-106-101011.png
106.jpg,D1-2-106-011111.png,D2-2-106-100110.png
106.jpg,D3-2-106-111110.png,D4-2-106-101011.png
106.jpg,D3-2-106-111110.png,D2-1-106-001010.png
106.jpg,D1-2-106-111111.png,D4-1-106-111110.png
106.jpg,D4-2-106-101011.png,D1-1-106-101111.png
106.jpg,D1-3-106-111111.png,D4-3-106-101011.png
106.jpg,D3-3-106-111110.png,D4-3-106-101001.png
106.jpg,D1-2-106-011111.png,D4-1-106-111111.png
106.jpg,D1-3-106-111111.png,D2-2-106-110110.png
106.jpg,D2-2-106-100110.png,D1-2-106-111111.png
106.jpg,D2-1-106-001010.png,D3-3-106-110110.png
106.jpg,D4-3-106-101011.png,D2-2-106-100110.png
106.jpg,D3-3-106-111110.png,D1-3-106-111111.png
106.jpg,D3-3-106-110110.png,D3-3-106-111110.png
106.jpg,D2-3-106-110101.png,D3-2-106-111111.png
106.jpg,D3-1-106-111101.png,D2-2-106-110110.png
106.jpg,D1-2-106-111111.png,D2-1-106-001010.png
106.jpg,D1-1-106-101111.png,D3-2-106-111110.png
106.jpg,D3-1-106-111101.png,D4-2-106-101011.png
106.jpg,D2-2-106-110110.png,D2-1-106-001110.png
106.jpg,D1-1-106-111111.png,D3-2-106-111110.png
106.jpg,D3-2-106-111111.png,D1-3-106-111111.png
106.jpg,D2-1-106-001010.png,D2-1-106-001110.png
106.jpg,D3-2-106-111111.png,D3-2-106-111110.png
106.jpg,D4-2-106-100011.png,D1-1-106-111111.png
106.jpg,D3-3-106-111110.png,D4-2-106-101011.png
106.jpg,D4-3-106-101001.png,D1-1-106-111111.png
106.jpg,D3-3-106-110110.png,D3-1-106-111001.png
106.jpg,D4-1-106-111111.png,D3-3-106-110110.png
106.jpg,D2-2-106-110110.png,D1-1-106-111111.png
106.jpg,D4-1-106-111110.png,D1-1-106-101111.png
106.jpg,D4-3-106-101011.png,D4-2-106-100011.png
106.jpg,D3-2-106-111110.png,D4-1-106-111111.png
242.jpg,D2-3-242-111110.png,D2-2-242-111111.png
242.jpg,D3-1-242-111111.png,D2-1-242-101111.png
242.jpg,D4-3-242-011111.png,D4-2-242-010110.png
242.jpg,D3-2-242-111110.png,D2-3-242-111110.png
242.jpg,D2-1-242-101111.png,D2-3-242-101110.png
242.jpg,D4-3-242-011111.png,D3-2-242-111110.png
242.jpg,D4-3-242-011101.png,D2-3-242-111110.png
242.jpg,D1-1-242-111111.png,D4-2-242-010110.png
242.jpg,D1-2-242-111110.png,D3-3-242-111111.png
242.jpg,D1-2-242-111110.png,D3-2-242-111100.png
242.jpg,D1-2-242-111110.png,D1-3-242-101111.png
242.jpg,D1-3-242-111111.png,D3-3-242-110111.png
242.jpg,D2-1-242-101111.png,D2-3-242-111110.png
242.jpg,D3-3-242-111111.png,D4-2-242-000110.png
242.jpg,D4-1-242-111101.png,D4-1-242-111111.png
242.jpg,D1-2-242-111010.png,D1-1-242-111101.png
242.jpg,D2-1-242-111111.png,D4-2-242-010110.png
242.jpg,D4-2-242-000110.png,D3-1-242-111110.png
242.jpg,D4-3-242-011101.png,D1-1-242-111101.png
242.jpg,D1-3-242-101111.png,D2-3-242-111110.png
242.jpg,D2-2-242-111111.png,D4-1-242-111111.png
242.jpg,D1-3-242-111111.png,D2-3-242-101110.png
242.jpg,D1-1-242-111101.png,D3-2-242-111110.png
242.jpg,D1-2-242-111110.png,D2-2-242-111111.png
242.jpg,D2-3-242-101110.png,D2-1-242-111111.png
242.jpg,D4-2-242-000110.png,D2-1-242-101111.png
242.jpg,D2-3-242-101110.png,D4-3-242-011111.png
242.jpg,D4-1-242-111111.png,D2-1-242-101111.png
242.jpg,D1-3-242-101111.png,D3-2-242-111110.png
242.jpg,D4-2-242-000110.png,D2-3-242-101110.png
242.jpg,D3-2-242-111110.png,D2-3-242-101110.png
242.jpg,D1-3-242-101111.png,D2-1-242-101111.png
242.jpg,D4-2-242-010110.png,D4-1-242-111101.png
242.jpg,D1-3-242-111111.png,D2-1-242-101111.png
242.jpg,D2-2-242-110111.png,D3-2-242-111100.png
242.jpg,D2-2-242-110111.png,D2-3-242-111110.png
242.jpg,D2-2-242-111111.png,D3-3-242-110111.png
242.jpg,D2-1-242-111111.png,D4-1-242-111111.png
242.jpg,D2-2-242-110111.png,D1-3-242-111111.png
242.jpg,D1-2-242-111110.png,D1-1-242-111111.png
242.jpg,D3-3-242-110111.png,D4-1-242-111111.png
242.jpg,D3-3-242-110111.png,D2-3-242-101110.png
242.jpg,D3-3-242-111111.png,D2-3-242-111110.png
242.jpg,D1-1-242-111111.png,D3-1-242-111111.png
242.jpg,D1-2-242-111110.png,D4-1-242-111111.png
242.jpg,D4-3-242-011101.png,D2-1-242-111111.png
242.jpg,D4-2-242-000110.png,D3-1-242-111111.png
242.jpg,D3-1-242-111111.png,D1-3-242-101111.png
242.jpg,D4-1-242-111111.png,D4-3-242-011111.png
242.jpg,D2-1-242-101111.png,D3-2-242-111110.png
242.jpg,D4-3-242-011101.png,D1-2-242-111010.png
242.jpg,D1-3-242-111111.png,D1-1-242-111111.png
242.jpg,D2-2-242-110111.png,D3-3-242-110111.png
242.jpg,D3-2-242-111110.png,D2-2-242-111111.png
242.jpg,D1-2-242-111010.png,D2-1-242-101111.png
242.jpg,D4-2-242-000110.png,D2-3-242-111110.png
242.jpg,D4-3-242-011101.png,D4-3-242-011111.png
242.jpg,D2-1-242-111111.png,D2-1-242-101111.png
242.jpg,D4-1-242-111101.png,D1-3-242-101111.png
242.jpg,D2-2-242-111111.png,D1-1-242-111101.png
242.jpg,D2-1-242-111111.png,D1-1-242-111111.png
242.jpg,D1-2-242-111110.png,D4-1-242-111101.png
242.jpg,D1-2-242-111110.png,D2-3-242-101110.png
242.jpg,D4-1-242-111101.png,D3-3-242-110111.png
242.jpg,D4-3-242-011111.png,D2-1-242-101111.png
242.jpg,D1-2-242-111010.png,D2-2-242-110111.png
242.jpg,D3-2-242-111110.png,D1-1-242-111111.png
242.jpg,D2-3-242-101110.png,D3-1-242-111110.png
242.jpg,D1-1-242-111111.png,D2-2-242-110111.png
242.jpg,D4-2-242-010110.png,D2-3-242-101110.png
242.jpg,D2-2-242-111111.png,D1-2-242-111010.png
242.jpg,D4-3-242-011111.png,D4-2-242-000110.png
270.jpg,D4-2-270-001100.png,D2-2-270-010111.png
270.jpg,D1-2-270-011110.png,D1-3-270-111110.png
270.jpg,D3-3-270-111110.png,D4-1-270-101111.png
270.jpg,D2-1-270-110110.png,D3-2-270-111011.png
270.jpg,D3-3-270-111110.png,D1-2-270-011110.png
270.jpg,D3-1-270-111111.png,D3-3-270-111100.png
270.jpg,D3-1-270-111111.png,D1-3-270-111110.png
270.jpg,D4-2-270-011100.png,D3-1-270-111111.png
270.jpg,D3-3-270-111100.png,D2-3-270-010011.png
270.jpg,D2-1-270-110010.png,D1-2-270-011110.png
270.jpg,D1-1-270-111111.png,D4-1-270-101111.png
270.jpg,D4-2-270-011100.png,D3-3-270-111110.png
270.jpg,D3-1-270-011111.png,D3-1-270-111111.png
270.jpg,D1-1-270-101111.png,D1-3-270-111110.png
270.jpg,D1-3-270-111110.png,D4-2-270-011100.png
270.jpg,D4-3-270-110111.png,D1-3-270-011110.png
270.jpg,D3-2-270-111011.png,D2-2-270-010110.png
270.jpg,D2-1-270-110110.png,D3-1-270-111111.png
270.jpg,D2-1-270-110110.png,D1-2-270-011110.png
270.jpg,D1-2-270-111110.png,D1-1-270-101111.png
270.jpg,D4-2-270-011100.png,D2-3-270-010011.png
270.jpg,D4-1-270-101011.png,D2-3-270-010001.png
270.jpg,D1-2-270-111110.png,D4-3-270-100111.png
270.jpg,D4-2-270-011100.png,D3-2-270-111111.png
270.jpg,D4-3-270-110111.png,D2-2-270-010110.png
270.jpg,D1-2-270-011110.png,D3-2-270-111111.png
270.jpg,D4-3-270-100111.png,D2-1-270-110010.png
270.jpg,D3-1-270-111111.png,D1-2-270-011110.png
270.jpg,D4-1-270-101111.png,D4-2-270-011100.png
270.jpg,D4-1-270-101011.png,D2-1-270-110110.png
270.jpg,D4-1-270-101111.png,D2-1-270-110010.png
270.jpg,D4-1-270-101011.png,D2-2-270-010110.png
270.jpg,D1-2-270-111110.png,D1-3-270-011110.png
270.jpg,D4-1-270-101011.png,D3-3-270-111100.png
270.jpg,D3-2-270-111011.png,D4-2-270-001100.png
270.jpg,D1-1-270-101111.png,D4-1-270-101011.png
270.jpg,D4-3-270-110111.png,D3-2-270-111011.png
270.jpg,D1-3-270-111110.png,D1-2-270-111110.png
270.jpg,D2-1-270-110010.png,D1-2-270-111110.png
270.jpg,D4-2-270-001100.png,D2-1-270-110010.png
270.jpg,D4-3-270-110111.png,D4-2-270-011100.png
270.jpg,D2-2-270-010111.png,D4-2-270-011100.png
270.jpg,D3-1-270-111111.png,D2-1-270-110010.png
270.jpg,D4-3-270-110111.png,D4-1-270-101011.png
270.jpg,D3-2-270-111111.png,D2-2-270-010111.png
270.jpg,D2-2-270-010110.png,D3-3-270-111110.png
270.jpg,D4-1-270-101111.png,D3-2-270-111111.png
270.jpg,D1-3-270-111110.png,D3-1-270-011111.png
270.jpg,D2-1-270-110110.png,D2-1-270-110010.png
270.jpg,D3-2-270-111011.png,D4-1-270-101011.png
270.jpg,D4-2-270-011100.png,D2-3-270-010001.png
270.jpg,D4-2-270-001100.png,D1-3-270-111110.png
270.jpg,D3-2-270-111111.png,D2-3-270-010011.png
270.jpg,D2-3-270-010011.png,D1-3-270-111110.png
270.jpg,D2-3-270-010011.png,D3-1-270-111111.png
270.jpg,D2-2-270-010110.png,D1-1-270-111111.png
270.jpg,D3-2-270-111111.png,D2-1-270-110110.png
270.jpg,D1-3-270-111110.png,D1-1-270-111111.png
270.jpg,D3-3-270-111100.png,D1-1-270-111111.png
270.jpg,D1-2-270-111110.png,D2-3-270-010001.png
270.jpg,D2-1-270-110110.png,D4-2-270-011100.png
270.jpg,D4-1-270-101111.png,D3-3-270-111100.png
270.jpg,D1-3-270-011110.png,D3-1-270-011111.png
270.jpg,D1-2-270-011110.png,D2-3-270-010001.png
270.jpg,D4-1-270-101111.png,D3-2-270-111011.png
270.jpg,D2-3-270-010001.png,D1-1-270-101111.png
270.jpg,D1-3-270-011110.png,D3-2-270-111111.png
270.jpg,D1-3-270-011110.png,D4-2-270-011100.png
270.jpg,D3-1-270-111111.png,D4-1-270-101011.png
270.jpg,D1-1-270-101111.png,D1-1-270-111111.png
270.jpg,D3-2-270-111111.png,D3-3-270-111110.png
270.jpg,D2-2-270-010111.png,D3-2-270-111011.png
354.jpg,D2-1-354-010110.png,D4-2-354-111110.png
354.jpg,D1-1-354-111111.png,D2-1-354-011110.png
354.jpg,D4-1-354-101101.png,D4-3-354-001101.png
354.jpg,D4-3-354-001101.png,D3-2-354-011011.png
354.jpg,D4-1-354-100101.png,D1-2-354-111111.png
354.jpg,D3-3-354-011111.png,D2-2-354-010110.png
354.jpg,D3-3-354-011111.png,D2-3-354-100011.png
354.jpg,D2-1-354-010110.png,D2-1-354-011110.png
354.jpg,D4-1-354-101101.png,D1-1-354-111111.png
354.jpg,D4-1-354-100101.png,D1-2-354-101111.png
354.jpg,D4-1-354-100101.png,D3-2-354-011111.png
354.jpg,D2-3-354-100011.png,D4-3-354-001101.png
354.jpg,D2-2-354-000110.png,D4-1-354-101101.png
354.jpg,D3-3-354-011011.png,D3-1-354-011110.png
354.jpg,D3-1-354-011010.png,D3-2-354-011011.png
354.jpg,D4-1-354-100101.png,D2-2-354-000110.png
354.jpg,D2-2-354-010110.png,D3-2-354-011111.png
354.jpg,D1-3-354-110110.png,D2-1-354-010110.png
354.jpg,D3-2-354-011111.png,D1-1-354-111111.png
354.jpg,D1-2-354-101111.png,D1-1-354-111111.png
354.jpg,D1-3-354-111110.png,D4-2-354-110110.png
354.jpg,D1-2-354-111111.png,D2-1-354-010110.png
354.jpg,D4-1-354-100101.png,D3-1-354-011010.png
354.jpg,D3-2-354-011011.png,D1-2-354-101111.png
354.jpg,D3-2-354-011011.png,D2-3-354-100011.png
354.jpg,D3-3-354-011011.png,D4-3-354-101101.png
354.jpg,D3-3-354-011011.png,D3-2-354-011111.png
354.jpg,D3-1-354-011010.png,D3-2-354-011111.png
354.jpg,D3-2-354-011111.png,D4-1-354-101101.png
354.jpg,D2-2-354-000110.png,D3-3-354-011011.png
354.jpg,D4-2-354-110110.png,D1-1-354-111111.png
354.jpg,D3-2-354-011011.png,D3-2-354-011111.png
354.jpg,D2-1-354-010110.png,D2-3-354-100011.png
354.jpg,D4-1-354-101101.png,D2-1-354-011110.png
354.jpg,D4-2-354-111110.png,D3-1-354-011010.png
354.jpg,D4-2-354-110110.png,D2-2-354-010110.png
354.jpg,D3-1-354-011110.png,D3-3-354-011111.png
354.jpg,D4-2-354-111110.png,D4-1-354-100101.png
354.jpg,D1-1-354-111111.png,D2-2-354-010110.png
354.jpg,D2-1-354-010110.png,D2-3-354-110011.png
354.jpg,D3-3-354-011111.png,D4-2-354-111110.png
354.jpg,D4-2-354-110110.png,D1-2-354-101111.png
354.jpg,D2-3-354-100011.png,D3-3-354-011011.png
354.jpg,D1-2-354-101111.png,D1-3-354-110110.png
354.jpg,D2-2-354-000110.png,D4-3-354-001101.png
354.jpg,D1-2-354-101111.png,D3-1-354-011010.png
354.jpg,D1-3-354-110110.png,D4-3-354-101101.png
354.jpg,D3-1-354-011110.png,D2-2-354-000110.png
354.jpg,D2-3-354-100011.png,D3-1-354-011110.png
354.jpg,D4-3-354-101101.png,D4-3-354-001101.png
354.jpg,D2-1-354-011110.png,D2-3-354-110011.png
354.jpg,D4-2-354-111110.png,D2-2-354-010110.png
354.jpg,D1-3-354-110110.png,D4-3-354-001101.png
354.jpg,D3-3-354-011111.png,D3-2-354-011111.png
354.jpg,D1-1-354-111111.png,D4-2-354-111110.png
354.jpg,D1-2-354-111111.png,D2-1-354-011110.png
354.jpg,D2-3-354-100011.png,D1-1-354-110111.png
354.jpg,D1-1-354-110111.png,D2-3-354-110011.png
354.jpg,D3-2-354-011111.png,D1-3-354-111110.png
354.jpg,D4-2-354-111110.png,D3-2-354-011011.png
354.jpg,D3-2-354-011011.png,D2-2-354-000110.png
354.jpg,D1-2-354-101111.png,D4-1-354-101101.png
354.jpg,D4-3-354-001101.png,D4-2-354-111110.png
354.jpg,D3-3-354-011011.png,D2-1-354-010110.png
354.jpg,D2-3-354-100011.png,D4-1-354-101101.png
354.jpg,D1-2-354-101111.png,D1-1-354-110111.png
354.jpg,D1-1-354-111111.png,D1-1-354-110111.png
354.jpg,D3-1-354-011010.png,D2-1-354-010110.png
354.jpg,D1-3-354-110110.png,D3-2-354-011111.png
354.jpg,D4-1-354-101101.png,D1-2-354-111111.png
354.jpg,D2-3-354-110011.png,D3-2-354-011011.png
354.jpg,D1-1-354-111111.png,D3-1-354-011010.png
883.jpg,D2-1-883-101110.png,D3-2-883-010101.png
883.jpg,D1-2-883-010111.png,D2-1-883-101110.png
883.jpg,D4-2-883-101110.png,D1-1-883-111111.png
883.jpg,D1-2-883-110111.png,D3-2-883-010111.png
883.jpg,D2-1-883-101110.png,D4-1-883-111010.png
883.jpg,D3-1-883-101111.png,D4-3-883-011000.png
883.jpg,D2-2-883-010101.png,D2-1-883-101110.png
883.jpg,D4-3-883-011000.png,D3-2-883-010101.png
883.jpg,D4-3-883-011100.png,D4-1-883-111110.png
883.jpg,D2-3-883-010111.png,D4-3-883-011000.png
883.jpg,D4-1-883-111010.png,D3-2-883-010101.png
883.jpg,D1-1-883-111111.png,D3-3-883-111101.png
883.jpg,D1-3-883-111011.png,D2-1-883-101101.png
883.jpg,D4-1-883-111110.png,D1-2-883-010111.png
883.jpg,D1-1-883-111111.png,D1-3-883-111010.png
883.jpg,D1-3-883-111010.png,D2-2-883-010101.png
883.jpg,D4-2-883-101111.png,D1-3-883-111011.png
883.jpg,D1-2-883-010111.png,D3-1-883-101111.png
883.jpg,D3-2-883-010111.png,D2-2-883-010111.png
883.jpg,D2-3-883-010111.png,D1-2-883-110111.png
883.jpg,D3-2-883-010101.png,D1-2-883-110111.png
883.jpg,D1-1-883-111111.png,D3-2-883-010111.png
883.jpg,D3-1-883-101111.png,D4-3-883-011100.png
883.jpg,D3-3-883-111111.png,D2-3-883-010101.png
883.jpg,D1-2-883-010111.png,D3-2-883-010101.png
883.jpg,D3-3-883-111101.png,D2-2-883-010101.png
883.jpg,D3-3-883-111101.png,D2-1-883-101101.png
883.jpg,D1-1-883-111110.png,D2-2-883-010101.png
883.jpg,D3-2-883-010111.png,D3-3-883-111101.png
883.jpg,D2-1-883-101110.png,D2-3-883-010101.png
883.jpg,D2-2-883-010111.png,D2-3-883-010111.png
883.jpg,D2-2-883-010101.png,D2-3-883-010101.png
883.jpg,D4-1-883-111010.png,D4-3-883-011100.png
883.jpg,D1-2-883-010111.png,D4-1-883-111010.png
883.jpg,D1-2-883-110111.png,D3-1-883-111111.png
883.jpg,D2-1-883-101101.png,D1-1-883-111110.png
883.jpg,D3-3-883-111101.png,D3-1-883-101111.png
883.jpg,D2-1-883-101101.png,D4-3-883-011000.png
883.jpg,D3-2-883-010111.png,D2-1-883-101101.png
883.jpg,D4-2-883-101111.png,D3-3-883-111101.png
883.jpg,D2-2-883-010111.png,D1-1-883-111110.png
883.jpg,D3-3-883-111101.png,D1-2-883-010111.png
883.jpg,D2-2-883-010101.png,D2-3-883-010111.png
883.jpg,D4-2-883-101111.png,D3-2-883-010101.png
883.jpg,D1-1-883-111111.png,D1-1-883-111110.png
883.jpg,D2-1-883-101110.png,D2-2-883-010111.png
883.jpg,D3-2-883-010101.png,D3-3-883-111101.png
883.jpg,D2-3-883-010111.png,D3-3-883-111111.png
883.jpg,D3-2-883-010111.png,D1-3-883-111010.png
883.jpg,D4-1-883-111110.png,D3-3-883-111111.png
883.jpg,D1-3-883-111011.png,D1-2-883-110111.png
883.jpg,D2-2-883-010111.png,D4-3-883-011000.png
883.jpg,D4-2-883-101110.png,D1-2-883-010111.png
883.jpg,D1-1-883-111110.png,D3-2-883-010101.png
883.jpg,D4-3-883-011000.png,D4-2-883-101110.png
883.jpg,D3-3-883-111101.png,D1-3-883-111010.png
883.jpg,D4-2-883-101111.png,D2-1-883-101110.png
883.jpg,D2-3-883-010101.png,D2-2-883-010111.png
883.jpg,D4-2-883-101110.png,D4-1-883-111010.png
883.jpg,D3-2-883-010111.png,D1-3-883-111011.png
883.jpg,D4-1-883-111010.png,D4-2-883-101111.png
883.jpg,D1-1-883-111110.png,D4-1-883-111010.png
883.jpg,D4-1-883-111010.png,D3-1-883-101111.png
883.jpg,D1-3-883-111011.png,D4-3-883-011100.png
883.jpg,D1-1-883-111111.png,D2-2-883-010111.png
883.jpg,D2-1-883-101101.png,D2-3-883-010101.png
883.jpg,D1-1-883-111110.png,D4-3-883-011000.png
883.jpg,D3-3-883-111111.png,D3-3-883-111101.png
883.jpg,D2-2-883-010101.png,D4-2-883-101110.png
883.jpg,D2-2-883-010101.png,D2-1-883-101101.png
883.jpg,D4-2-883-101111.png,D3-2-883-010111.png
883.jpg,D2-2-883-010101.png,D3-1-883-111111.png
1041.jpg,D1-3-1041-110110.png,D3-1-1041-011111.png
1041.jpg,D4-2-1041-111000.png,D2-2-1041-000111.png
1041.jpg,D3-2-1041-111110.png,D2-3-1041-111111.png
1041.jpg,D2-3-1041-111110.png,D2-1-1041-111110.png
1041.jpg,D2-2-1041-010111.png,D1-2-1041-100111.png
1041.jpg,D1-1-1041-101111.png,D3-1-1041-011110.png
1041.jpg,D1-3-1041-110110.png,D1-3-1041-111110.png
1041.jpg,D1-1-1041-101111.png,D3-1-1041-011111.png
1041.jpg,D1-1-1041-101111.png,D2-2-1041-000111.png
1041.jpg,D1-1-1041-101111.png,D1-2-1041-100111.png
1041.jpg,D2-1-1041-110110.png,D1-3-1041-110110.png
1041.jpg,D4-2-1041-111000.png,D3-2-1041-111111.png
1041.jpg,D3-1-1041-011111.png,D2-3-1041-111111.png
1041.jpg,D3-1-1041-011111.png,D1-2-1041-100111.png
1041.jpg,D4-1-1041-111111.png,D3-1-1041-011110.png
1041.jpg,D2-1-1041-110110.png,D4-1-1041-111111.png
1041.jpg,D4-2-1041-111000.png,D3-1-1041-011111.png
1041.jpg,D1-3-1041-110110.png,D1-1-1041-101111.png
1041.jpg,D3-2-1041-111110.png,D4-1-1041-111111.png
1041.jpg,D4-3-1041-111010.png,D3-2-1041-111110.png
1041.jpg,D2-1-1041-111110.png,D1-3-1041-110110.png
1041.jpg,D2-1-1041-110110.png,D1-2-1041-100111.png
1041.jpg,D2-2-1041-010111.png,D3-1-1041-011111.png
1041.jpg,D1-1-1041-101111.png,D2-3-1041-111111.png
1041.jpg,D4-1-1041-111011.png,D4-3-1041-111010.png
1041.jpg,D3-3-1041-111110.png,D4-1-1041-111111.png
1041.jpg,D4-2-1041-111100.png,D3-3-1041-111110.png
1041.jpg,D2-1-1041-110110.png,D4-1-1041-111011.png
1041.jpg,D2-3-1041-111111.png,D4-3-1041-111010.png
1041.jpg,D2-1-1041-111110.png,D4-3-1041-111010.png
1041.jpg,D4-3-1041-111011.png,D3-2-1041-111110.png
1041.jpg,D4-2-1041-111000.png,D4-1-1041-111111.png
1041.jpg,D1-3-1041-111110.png,D4-2-1041-111000.png
1041.jpg,D3-2-1041-111111.png,D3-3-1041-111110.png
1041.jpg,D2-2-1041-000111.png,D3-3-1041-111110.png
1041.jpg,D2-2-1041-010111.png,D4-1-1041-111011.png
1041.jpg,D3-3-1041-111111.png,D1-2-1041-100111.png
1041.jpg,D4-1-1041-111011.png,D2-2-1041-000111.png
1041.jpg,D4-2-1041-111000.png,D3-1-1041-011110.png
1041.jpg,D4-2-1041-111000.png,D4-2-1041-111100.png
1041.jpg,D3-1-1041-011111.png,D1-1-1041-111111.png
1041.jpg,D4-1-1041-111011.png,D1-2-1041-100111.png
1041.jpg,D4-1-1041-111011.png,D4-3-1041-111011.png
1041.jpg,D3-1-1041-011111.png,D3-3-1041-111110.png
1041.jpg,D2-2-1041-010111.png,D1-1-1041-111111.png
1041.jpg,D2-1-1041-110110.png,D2-1-1041-111110.png
1041.jpg,D3-3-1041-111111.png,D3-1-1041-011111.png
1041.jpg,D3-2-1041-111111.png,D1-3-1041-111110.png
1041.jpg,D3-3-1041-111110.png,D1-3-1041-110110.png
1041.jpg,D3-1-1041-011111.png,D4-2-1041-111100.png
1041.jpg,D1-2-1041-110111.png,D4-2-1041-111100.png
1041.jpg,D3-2-1041-111110.png,D1-1-1041-111111.png
1041.jpg,D1-1-1041-101111.png,D1-1-1041-111111.png
1041.jpg,D1-2-1041-100111.png,D4-2-1041-111000.png
1041.jpg,D4-1-1041-111011.png,D1-1-1041-111111.png
1041.jpg,D2-2-1041-010111.png,D3-3-1041-111110.png
1041.jpg,D2-2-1041-000111.png,D3-2-1041-111110.png
1041.jpg,D2-1-1041-110110.png,D3-2-1041-111110.png
1041.jpg,D4-1-1041-111011.png,D1-3-1041-111110.png
1041.jpg,D3-2-1041-111111.png,D3-3-1041-111111.png
1041.jpg,D4-2-1041-111100.png,D2-1-1041-111110.png
1041.jpg,D3-2-1041-111110.png,D4-2-1041-111000.png
1041.jpg,D3-3-1041-111110.png,D2-1-1041-110110.png
1041.jpg,D4-2-1041-111000.png,D4-3-1041-111010.png
1041.jpg,D4-3-1041-111010.png,D4-2-1041-111100.png
1041.jpg,D3-3-1041-111110.png,D4-3-1041-111010.png
1041.jpg,D2-2-1041-000111.png,D2-2-1041-010111.png
1041.jpg,D1-2-1041-110111.png,D1-1-1041-111111.png
1041.jpg,D2-2-1041-010111.png,D4-1-1041-111111.png
1041.jpg,D4-1-1041-111011.png,D2-3-1041-111110.png
1041.jpg,D4-2-1041-111000.png,D1-3-1041-110110.png
1041.jpg,D3-2-1041-111110.png,D3-1-1041-011111.png
1195.jpg,D2-3-1195-111111.png,D2-1-1195-111110.png
1195.jpg,D4-1-1195-100111.png,D1-2-1195-111111.png
1195.jpg,D1-1-1195-111111.png,D2-1-1195-101110.png
1195.jpg,D4-1-1195-100111.png,D3-2-1195-110111.png
1195.jpg,D1-1-1195-011111.png,D4-3-1195-101011.png
1195.jpg,D4-1-1195-100111.png,D4-3-1195-101011.png
1195.jpg,D4-2-1195-011100.png,D3-2-1195-110111.png
1195.jpg,D1-2-1195-111111.png,D2-3-1195-111111.png
1195.jpg,D2-1-1195-111110.png,D1-1-1195-111111.png
1195.jpg,D3-3-1195-111011.png,D2-2-1195-111010.png
1195.jpg,D2-2-1195-111110.png,D4-3-1195-111011.png
1195.jpg,D4-1-1195-101111.png,D2-1-1195-111110.png
1195.jpg,D3-3-1195-111011.png,D4-1-1195-100111.png
1195.jpg,D4-2-1195-011110.png,D4-2-1195-011100.png
1195.jpg,D3-2-1195-110111.png,D3-1-1195-111101.png
1195.jpg,D2-1-1195-101110.png,D4-3-1195-111011.png
1195.jpg,D2-1-1195-101110.png,D3-3-1195-111011.png
1195.jpg,D2-1-1195-111110.png,D3-3-1195-111111.png
1195.jpg,D4-1-1195-100111.png,D2-2-1195-111010.png
1195.jpg,D1-3-1195-010111.png,D1-2-1195-111011.png
1195.jpg,D2-2-1195-111110.png,D3-1-1195-111101.png
1195.jpg,D1-3-1195-110111.png,D1-1-1195-011111.png
1195.jpg,D4-1-1195-101111.png,D4-3-1195-101011.png
1195.jpg,D4-3-1195-101011.png,D1-3-1195-110111.png
1195.jpg,D3-3-1195-111011.png,D2-3-1195-111111.png
1195.jpg,D3-3-1195-111011.png,D2-2-1195-111110.png
1195.jpg,D4-3-1195-101011.png,D3-3-1195-111011.png
1195.jpg,D4-3-1195-101011.png,D4-3-1195-111011.png
1195.jpg,D4-3-1195-111011.png,D2-1-1195-111110.png
1195.jpg,D2-1-1195-111110.png,D3-3-1195-111011.png
1195.jpg,D4-1-1195-101111.png,D4-1-1195-100111.png
1195.jpg,D1-3-1195-110111.png,D2-1-1195-101110.png
1195.jpg,D2-3-1195-111111.png,D3-2-1195-110111.png
1195.jpg,D2-2-1195-111010.png,D3-2-1195-111111.png
1195.jpg,D1-1-1195-111111.png,D4-2-1195-011110.png
1195.jpg,D4-1-1195-101111.png,D4-2-1195-011110.png
1195.jpg,D2-2-1195-111110.png,D1-2-1195-111011.png
1195.jpg,D1-1-1195-011111.png,D2-1-1195-101110.png
1195.jpg,D2-2-1195-111110.png,D3-2-1195-111111.png
1195.jpg,D4-2-1195-011100.png,D1-3-1195-010111.png
1195.jpg,D2-1-1195-111110.png,D2-2-1195-111010.png
1195.jpg,D2-3-1195-011111.png,D2-2-1195-111110.png
1195.jpg,D4-1-1195-101111.png,D2-3-1195-011111.png
1195.jpg,D1-1-1195-111111.png,D3-1-1195-111101.png
1195.jpg,D3-3-1195-111111.png,D4-2-1195-011100.png
1195.jpg,D2-2-1195-111110.png,D4-1-1195-100111.png
1195.jpg,D3-3-1195-111111.png,D4-2-1195-011110.png
1195.jpg,D4-1-1195-100111.png,D2-3-1195-011111.png
1195.jpg,D4-1-1195-101111.png,D3-3-1195-111011.png
1195.jpg,D3-2-1195-110111.png,D1-2-1195-111111.png
1195.jpg,D2-3-1195-111111.png,D1-1-1195-011111.png
1195.jpg,D4-3-1195-111011.png,D4-1-1195-100111.png
1195.jpg,D1-2-1195-111111.png,D1-1-1195-011111.png
1195.jpg,D2-1-1195-101110.png,D3-3-1195-111111.png
1195.jpg,D1-3-1195-010111.png,D1-1-1195-111111.png
1195.jpg,D2-1-1195-101110.png,D3-1-1195-111101.png
1195.jpg,D3-3-1195-111111.png,D3-1-1195-111101.png
1195.jpg,D1-2-1195-111011.png,D4-2-1195-011110.png
1195.jpg,D3-1-1195-111111.png,D1-2-1195-111111.png
1195.jpg,D3-2-1195-111111.png,D2-1-1195-111110.png
1195.jpg,D4-3-1195-111011.png,D3-3-1195-111011.png
1195.jpg,D1-2-1195-111011.png,D1-3-1195-110111.png
1195.jpg,D2-2-1195-111010.png,D1-1-1195-011111.png
1195.jpg,D1-2-1195-111011.png,D1-1-1195-111111.png
1195.jpg,D4-3-1195-101011.png,D2-2-1195-111110.png
1195.jpg,D3-1-1195-111111.png,D2-1-1195-101110.png
1195.jpg,D1-3-1195-110111.png,D4-2-1195-011110.png
1195.jpg,D3-1-1195-111111.png,D2-2-1195-111110.png
1195.jpg,D4-3-1195-111011.png,D2-3-1195-011111.png
1195.jpg,D1-3-1195-110111.png,D2-2-1195-111010.png
1195.jpg,D1-3-1195-010111.png,D3-3-1195-111111.png
1195.jpg,D2-3-1195-111111.png,D3-3-1195-111111.png
1204.jpg,D1-3-1204-101101.png,D2-1-1204-010110.png
1204.jpg,D4-2-1204-011011.png,D2-1-1204-010110.png
1204.jpg,D4-2-1204-111011.png,D2-3-1204-110101.png
1204.jpg,D3-2-1204-111101.png,D4-2-1204-111011.png
1204.jpg,D1-2-1204-111011.png,D1-3-1204-101111.png
1204.jpg,D2-1-1204-010010.png,D1-2-1204-111011.png
1204.jpg,D3-2-1204-111101.png,D4-3-1204-010100.png
1204.jpg,D4-1-1204-111101.png,D2-2-1204-010110.png
1204.jpg,D2-2-1204-000110.png,D2-1-1204-010010.png
1204.jpg,D2-2-1204-010110.png,D4-2-1204-011011.png
1204.jpg,D3-1-1204-011111.png,D3-2-1204-111111.png
1204.jpg,D2-2-1204-010110.png,D1-1-1204-110101.png
1204.jpg,D4-3-1204-010000.png,D3-3-1204-111110.png
1204.jpg,D3-1-1204-011111.png,D2-1-1204-010110.png
1204.jpg,D4-1-1204-111101.png,D4-3-1204-010100.png
1204.jpg,D2-1-1204-010010.png,D3-1-1204-011111.png
1204.jpg,D1-2-1204-011011.png,D3-2-1204-111111.png
1204.jpg,D3-3-1204-111110.png,D3-2-1204-111101.png
1204.jpg,D1-1-1204-110101.png,D1-2-1204-111011.png
1204.jpg,D4-2-1204-111011.png,D2-2-1204-000110.png
1204.jpg,D3-3-1204-011110.png,D2-3-1204-110111.png
1204.jpg,D4-2-1204-011011.png,D4-3-1204-010100.png
1204.jpg,D4-3-1204-010100.png,D1-3-1204-101101.png
1204.jpg,D2-1-1204-010110.png,D1-1-1204-110101.png
1204.jpg,D2-3-1204-110111.png,D2-2-1204-010110.png
1204.jpg,D4-3-1204-010100.png,D4-1-1204-110101.png
1204.jpg,D4-2-1204-011011.png,D4-1-1204-110101.png
1204.jpg,D3-1-1204-011011.png,D2-2-1204-010110.png
1204.jpg,D1-2-1204-011011.png,D2-2-1204-010110.png
1204.jpg,D4-2-1204-111011.png,D1-1-1204-110101.png
1204.jpg,D3-2-1204-111101.png,D1-1-1204-111101.png
1204.jpg,D2-1-1204-010010.png,D2-1-1204-010110.png
1204.jpg,D2-1-1204-010010.png,D3-3-1204-011110.png
1204.jpg,D4-2-1204-011011.png,D2-1-1204-010010.png
1204.jpg,D2-1-1204-010010.png,D2-3-1204-110101.png
1204.jpg,D1-1-1204-111101.png,D2-3-1204-110111.png
1204.jpg,D4-2-1204-111011.png,D2-2-1204-010110.png
1204.jpg,D3-2-1204-111111.png,D1-2-1204-111011.png
1204.jpg,D3-1-1204-011011.png,D1-3-1204-101101.png
1204.jpg,D1-1-1204-111101.png,D4-3-1204-010000.png
1204.jpg,D3-3-1204-111110.png,D1-2-1204-111011.png
1204.jpg,D4-2-1204-011011.png,D1-3-1204-101111.png
1204.jpg,D1-1-1204-110101.png,D2-3-1204-110101.png
1204.jpg,D1-2-1204-011011.png,D1-3-1204-101111.png
1204.jpg,D3-1-1204-011111.png,D2-2-1204-010110.png
1204.jpg,D4-2-1204-111011.png,D4-2-1204-011011.png
1204.jpg,D3-1-1204-011011.png,D4-3-1204-010100.png
1204.jpg,D4-3-1204-010100.png,D2-3-1204-110111.png
1204.jpg,D3-3-1204-011110.png,D4-3-1204-010000.png
1204.jpg,D3-1-1204-011111.png,D2-3-1204-110101.png
1204.jpg,D1-3-1204-101111.png,D2-3-1204-110111.png
1204.jpg,D1-1-1204-110101.png,D4-1-1204-110101.png
1204.jpg,D2-3-1204-110111.png,D2-1-1204-010110.png
1204.jpg,D3-3-1204-011110.png,D3-2-1204-111101.png
1204.jpg,D1-1-1204-111101.png,D2-1-1204-010110.png
1204.jpg,D2-1-1204-010010.png,D4-1-1204-110101.png
1204.jpg,D4-1-1204-110101.png,D3-2-1204-111101.png
1204.jpg,D3-2-1204-111101.png,D1-3-1204-101101.png
1204.jpg,D2-3-1204-110111.png,D1-2-1204-111011.png
1204.jpg,D3-3-1204-011110.png,D1-3-1204-101101.png
1204.jpg,D3-3-1204-111110.png,D2-3-1204-110101.png
1204.jpg,D1-3-1204-101111.png,D3-2-1204-111101.png
1204.jpg,D1-3-1204-101101.png,D3-3-1204-111110.png
1204.jpg,D2-3-1204-110101.png,D4-3-1204-010100.png
1204.jpg,D1-2-1204-011011.png,D1-2-1204-111011.png
1204.jpg,D3-3-1204-111110.png,D1-1-1204-111101.png
1204.jpg,D1-3-1204-101101.png,D2-3-1204-110111.png
1204.jpg,D4-3-1204-010000.png,D1-3-1204-101101.png
1204.jpg,D3-2-1204-111101.png,D1-1-1204-110101.png
1204.jpg,D3-1-1204-011111.png,D1-2-1204-011011.png
1204.jpg,D1-3-1204-101101.png,D1-2-1204-011011.png
1204.jpg,D4-1-1204-111101.png,D3-3-1204-011110.png
1237.jpg,D3-1-1237-111111.png,D4-2-1237-011100.png
1237.jpg,D2-2-1237-111111.png,D4-2-1237-011100.png
1237.jpg,D4-3-1237-101011.png,D2-1-1237-101111.png
1237.jpg,D4-3-1237-101011.png,D4-2-1237-011100.png
1237.jpg,D2-3-1237-111111.png,D4-3-1237-101011.png
1237.jpg,D1-3-1237-111111.png,D1-2-1237-101111.png
1237.jpg,D1-2-1237-001111.png,D4-1-1237-111011.png
1237.jpg,D4-2-1237-011100.png,D4-1-1237-111111.png
1237.jpg,D4-1-1237-111011.png,D3-1-1237-111101.png
1237.jpg,D2-2-1237-101111.png,D4-1-1237-111111.png
1237.jpg,D4-3-1237-101010.png,D4-2-1237-011100.png
1237.jpg,D2-3-1237-111101.png,D3-3-1237-111101.png
1237.jpg,D1-1-1237-110011.png,D1-2-1237-001111.png
1237.jpg,D2-2-1237-111111.png,D4-2-1237-011110.png
1237.jpg,D3-1-1237-111111.png,D3-2-1237-111110.png
1237.jpg,D1-3-1237-111101.png,D3-3-1237-111101.png
1237.jpg,D4-1-1237-111111.png,D3-1-1237-111101.png
1237.jpg,D2-2-1237-111111.png,D3-1-1237-111101.png
1237.jpg,D3-3-1237-111111.png,D4-3-1237-101011.png
1237.jpg,D3-1-1237-111101.png,D1-2-1237-001111.png
1237.jpg,D2-1-1237-100111.png,D1-3-1237-111101.png
1237.jpg,D4-1-1237-111111.png,D2-3-1237-111101.png
1237.jpg,D3-2-1237-111110.png,D3-3-1237-111101.png
1237.jpg,D2-2-1237-101111.png,D4-1-1237-111011.png
1237.jpg,D4-1-1237-111111.png,D1-2-1237-101111.png
1237.jpg,D2-3-1237-111111.png,D4-2-1237-011110.png
1237.jpg,D3-1-1237-111111.png,D2-3-1237-111101.png
1237.jpg,D2-3-1237-111101.png,D1-2-1237-101111.png
1237.jpg,D4-1-1237-111011.png,D3-2-1237-111110.png
1237.jpg,D1-2-1237-001111.png,D4-3-1237-101010.png
1237.jpg,D3-2-1237-110110.png,D3-1-1237-111101.png
1237.jpg,D2-2-1237-101111.png,D2-3-1237-111111.png
1237.jpg,D3-3-1237-111101.png,D2-1-1237-101111.png
1237.jpg,D1-1-1237-110011.png,D2-1-1237-101111.png
1237.jpg,D4-3-1237-101010.png,D2-3-1237-111101.png
1237.jpg,D4-3-1237-101011.png,D3-1-1237-111101.png
1237.jpg,D3-3-1237-111101.png,D3-2-1237-110110.png
1237.jpg,D1-2-1237-001111.png,D4-3-1237-101011.png
1237.jpg,D4-3-1237-101011.png,D4-1-1237-111111.png
1237.jpg,D2-1-1237-100111.png,D3-2-1237-110110.png
1237.jpg,D3-1-1237-111111.png,D1-1-1237-111011.png
1237.jpg,D3-3-1237-111101.png,D2-2-1237-111111.png
1237.jpg,D4-1-1237-111011.png,D1-2-1237-101111.png
1237.jpg,D3-3-1237-111111.png,D2-2-1237-111111.png
1237.jpg,D4-2-1237-011110.png,D3-2-1237-110110.png
1237.jpg,D3-3-1237-111111.png,D2-1-1237-100111.png
1237.jpg,D1-3-1237-111101.png,D2-1-1237-101111.png
1237.jpg,D4-2-1237-011100.png,D2-3-1237-111101.png
1237.jpg,D3-1-1237-111101.png,D2-3-1237-111101.png
1237.jpg,D4-3-1237-101010.png,D2-1-1237-100111.png
1237.jpg,D2-3-1237-111111.png,D2-1-1237-101111.png
1237.jpg,D3-1-1237-111101.png,D2-2-1237-101111.png
1237.jpg,D2-2-1237-101111.png,D1-2-1237-101111.png
1237.jpg,D1-2-1237-101111.png,D3-3-1237-111101.png
1237.jpg,D1-2-1237-001111.png,D4-2-1237-011110.png
1237.jpg,D2-1-1237-101111.png,D4-1-1237-111111.png
1237.jpg,D3-1-1237-111111.png,D2-1-1237-101111.png
1237.jpg,D2-2-1237-111111.png,D1-2-1237-001111.png
1237.jpg,D3-3-1237-111101.png,D2-1-1237-100111.png
1237.jpg,D4-3-1237-101011.png,D3-1-1237-111111.png
1237.jpg,D2-2-1237-111111.png,D1-2-1237-101111.png
1237.jpg,D3-2-1237-110110.png,D4-3-1237-101010.png
1237.jpg,D3-3-1237-111101.png,D1-3-1237-111111.png
1237.jpg,D4-1-1237-111111.png,D4-2-1237-011110.png
1237.jpg,D1-3-1237-111111.png,D2-3-1237-111101.png
1237.jpg,D1-3-1237-111101.png,D4-3-1237-101010.png
1237.jpg,D1-3-1237-111111.png,D1-2-1237-001111.png
1237.jpg,D1-3-1237-111111.png,D1-1-1237-110011.png
1237.jpg,D2-3-1237-111101.png,D4-1-1237-111011.png
1237.jpg,D3-3-1237-111101.png,D4-2-1237-011110.png
1237.jpg,D4-2-1237-011100.png,D1-2-1237-101111.png
1237.jpg,D2-2-1237-111111.png,D4-1-1237-111011.png
1344.jpg,D4-2-1344-110011.png,D4-2-1344-100011.png
1344.jpg,D3-1-1344-110110.png,D1-3-1344-110110.png
1344.jpg,D3-2-1344-110111.png,D4-1-1344-111111.png
1344.jpg,D3-3-1344-110111.png,D4-2-1344-100011.png
1344.jpg,D3-1-1344-111110.png,D1-3-1344-110111.png
1344.jpg,D2-3-1344-101011.png,D4-3-1344-111000.png
1344.jpg,D1-3-1344-110111.png,D1-1-1344-110110.png
1344.jpg,D2-1-1344-101111.png,D3-2-1344-110111.png
1344.jpg,D1-2-1344-111010.png,D2-3-1344-101111.png
1344.jpg,D2-3-1344-101111.png,D2-3-1344-101011.png
1344.jpg,D4-1-1344-111111.png,D3-3-1344-110111.png
1344.jpg,D3-1-1344-110110.png,D3-2-1344-110111.png
1344.jpg,D4-2-1344-100011.png,D3-1-1344-111110.png
1344.jpg,D1-2-1344-111010.png,D4-3-1344-111001.png
1344.jpg,D3-2-1344-111111.png,D2-1-1344-101111.png
1344.jpg,D2-3-1344-101111.png,D3-1-1344-110110.png
1344.jpg,D1-2-1344-111011.png,D2-3-1344-101111.png
1344.jpg,D1-1-1344-111110.png,D4-2-1344-100011.png
1344.jpg,D1-2-1344-111010.png,D3-3-1344-110111.png
1344.jpg,D2-2-1344-100111.png,D3-1-1344-111110.png
1344.jpg,D3-3-1344-110111.png,D4-3-1344-111001.png
1344.jpg,D2-3-1344-101011.png,D2-2-1344-100110.png
1344.jpg,D4-1-1344-111111.png,D2-1-1344-101111.png
1344.jpg,D3-1-1344-111110.png,D2-1-1344-101111.png
1344.jpg,D2-2-1344-100110.png,D4-2-1344-100011.png
1344.jpg,D4-2-1344-100011.png,D2-1-1344-101111.png
1344.jpg,D3-1-1344-111110.png,D4-3-1344-111000.png
1344.jpg,D3-3-1344-110011.png,D2-3-1344-101011.png
1344.jpg,D1-1-1344-111110.png,D3-2-1344-110111.png
1344.jpg,D2-3-1344-101011.png,D1-1-1344-110110.png
1344.jpg,D2-2-1344-100110.png,D1-3-1344-110111.png
1344.jpg,D2-2-1344-100111.png,D2-1-1344-100111.png
1344.jpg,D3-3-1344-110111.png,D2-1-1344-101111.png
1344.jpg,D3-1-1344-110110.png,D1-1-1344-111110.png
1344.jpg,D4-3-1344-111001.png,D2-1-1344-101111.png
1344.jpg,D1-3-1344-110111.png,D3-3-1344-110011.png
1344.jpg,D4-3-1344-111000.png,D4-2-1344-100011.png
1344.jpg,D4-2-1344-110011.png,D2-3-1344-101011.png
1344.jpg,D3-3-1344-110111.png,D4-1-1344-111110.png
1344.jpg,D4-1-1344-111110.png,D3-3-1344-110011.png
1344.jpg,D2-3-1344-101111.png,D2-1-1344-100111.png
1344.jpg,D3-2-1344-110111.png,D3-1-1344-111110.png
1344.jpg,D3-2-1344-111111.png,D2-2-1344-100111.png
1344.jpg,D3-1-1344-111110.png,D3-3-1344-110011.png
1344.jpg,D3-1-1344-111110.png,D2-3-1344-101111.png
1344.jpg,D2-1-1344-100111.png,D3-2-1344-110111.png
1344.jpg,D4-1-1344-111111.png,D1-2-1344-111011.png
1344.jpg,D4-3-1344-111001.png,D2-3-1344-101111.png
1344.jpg,D3-2-1344-110111.png,D2-3-1344-101011.png
1344.jpg,D1-2-1344-111011.png,D1-1-1344-111110.png
1344.jpg,D2-3-1344-101011.png,D1-2-1344-111010.png
1344.jpg,D1-2-1344-111011.png,D2-2-1344-100111.png
1344.jpg,D4-1-1344-111111.png,D4-3-1344-111001.png
1344.jpg,D3-1-1344-110110.png,D4-3-1344-111001.png
1344.jpg,D4-2-1344-110011.png,D1-1-1344-110110.png
1344.jpg,D2-2-1344-100110.png,D4-1-1344-111110.png
1344.jpg,D3-3-1344-110011.png,D4-2-1344-100011.png
1344.jpg,D4-1-1344-111110.png,D3-1-1344-111110.png
1344.jpg,D4-3-1344-111000.png,D2-1-1344-100111.png
1344.jpg,D2-2-1344-100110.png,D1-2-1344-111010.png
1344.jpg,D4-1-1344-111110.png,D1-3-1344-110111.png
1344.jpg,D3-2-1344-111111.png,D4-2-1344-100011.png
1344.jpg,D1-1-1344-110110.png,D2-2-1344-100111.png
1344.jpg,D3-2-1344-110111.png,D1-2-1344-111011.png
1344.jpg,D2-3-1344-101011.png,D2-2-1344-100111.png
1344.jpg,D1-1-1344-111110.png,D3-1-1344-111110.png
1344.jpg,D4-3-1344-111001.png,D1-1-1344-110110.png
1344.jpg,D4-3-1344-111000.png,D4-1-1344-111110.png
1344.jpg,D1-3-1344-110110.png,D4-3-1344-111000.png
1344.jpg,D4-3-1344-111000.png,D2-3-1344-101111.png
1344.jpg,D2-3-1344-101111.png,D3-3-1344-110011.png
1344.jpg,D4-1-1344-111110.png,D3-1-1344-110110.png
1501.jpg,D2-1-1501-110101.png,D1-1-1501-111101.png
1501.jpg,D4-1-1501-010101.png,D4-3-1501-101001.png
1501.jpg,D4-2-1501-110111.png,D1-3-1501-110111.png
1501.jpg,D3-3-1501-111110.png,D2-2-1501-010111.png
1501.jpg,D1-1-1501-111001.png,D4-1-1501-010101.png
1501.jpg,D4-1-1501-110101.png,D2-3-1501-011111.png
1501.jpg,D2-3-1501-011111.png,D1-1-1501-111001.png
1501.jpg,D1-3-1501-110111.png,D4-3-1501-111001.png
1501.jpg,D4-2-1501-110111.png,D3-3-1501-111110.png
1501.jpg,D3-2-1501-110111.png,D1-2-1501-111011.png
1501.jpg,D3-2-1501-110111.png,D4-2-1501-110111.png
1501.jpg,D3-2-1501-110110.png,D3-3-1501-111110.png
1501.jpg,D4-2-1501-110111.png,D2-2-1501-010111.png
1501.jpg,D4-1-1501-110101.png,D3-3-1501-111100.png
1501.jpg,D4-2-1501-110111.png,D4-2-1501-111111.png
1501.jpg,D3-3-1501-111110.png,D1-1-1501-111001.png
1501.jpg,D2-2-1501-010111.png,D3-2-1501-110110.png
1501.jpg,D3-3-1501-111100.png,D2-3-1501-011111.png
1501.jpg,D1-3-1501-110101.png,D1-1-1501-111001.png
1501.jpg,D3-3-1501-111110.png,D4-3-1501-111001.png
1501.jpg,D3-3-1501-111110.png,D2-3-1501-011111.png
1501.jpg,D3-3-1501-111100.png,D4-3-1501-101001.png
1501.jpg,D4-1-1501-010101.png,D1-2-1501-111011.png
1501.jpg,D1-3-1501-110101.png,D4-1-1501-010101.png
1501.jpg,D4-3-1501-101001.png,D1-3-1501-110111.png
1501.jpg,D1-3-1501-110101.png,D2-3-1501-011111.png
1501.jpg,D4-2-1501-110111.png,D3-3-1501-111100.png
1501.jpg,D3-2-1501-110111.png,D3-1-1501-110101.png
1501.jpg,D4-1-1501-010101.png,D2-2-1501-110111.png
1501.jpg,D1-2-1501-111001.png,D3-3-1501-111110.png
1501.jpg,D4-1-1501-010101.png,D2-3-1501-001111.png
1501.jpg,D1-1-1501-111101.png,D4-1-1501-010101.png
1501.jpg,D2-3-1501-001111.png,D2-1-1501-110101.png
1501.jpg,D3-1-1501-110101.png,D3-3-1501-111100.png
1501.jpg,D1-1-1501-111001.png,D3-2-1501-110110.png
1501.jpg,D4-2-1501-110111.png,D1-1-1501-111101.png
1501.jpg,D4-1-1501-110101.png,D2-3-1501-001111.png
1501.jpg,D2-3-1501-001111.png,D3-1-1501-110101.png
1501.jpg,D3-1-1501-110111.png,D4-2-1501-110111.png
1501.jpg,D1-2-1501-111011.png,D4-2-1501-110111.png
1501.jpg,D4-3-1501-101001.png,D2-3-1501-011111.png
1501.jpg,D4-2-1501-110111.png,D4-1-1501-110101.png
1501.jpg,D2-3-1501-011111.png,D1-1-1501-111101.png
1501.jpg,D4-3-1501-111001.png,D2-1-1501-110111.png
1501.jpg,D4-1-1501-010101.png,D2-1-1501-110101.png
1501.jpg,D2-1-1501-110101.png,D4-1-1501-110101.png
1501.jpg,D2-2-1501-110111.png,D2-1-1501-110111.png
1501.jpg,D1-2-1501-111001.png,D3-2-1501-110110.png
1501.jpg,D1-3-1501-110111.png,D3-3-1501-111100.png
1501.jpg,D3-1-1501-110101.png,D1-3-1501-110101.png
1501.jpg,D3-1-1501-110101.png,D4-2-1501-110111.png
1501.jpg,D2-2-1501-010111.png,D2-3-1501-001111.png
1501.jpg,D4-1-1501-010101.png,D4-3-1501-111001.png
1501.jpg,D3-1-1501-110111.png,D1-2-1501-111001.png
1501.jpg,D1-1-1501-111001.png,D4-2-1501-110111.png
1501.jpg,D1-1-1501-111001.png,D3-2-1501-110111.png
1501.jpg,D2-1-1501-110101.png,D3-3-1501-111110.png
1501.jpg,D2-2-1501-110111.png,D3-2-1501-110110.png
1501.jpg,D2-1-1501-110111.png,D3-2-1501-110111.png
1501.jpg,D2-2-1501-110111.png,D4-3-1501-101001.png
1501.jpg,D2-1-1501-110101.png,D4-2-1501-111111.png
1501.jpg,D1-3-1501-110111.png,D3-3-1501-111110.png
1501.jpg,D3-1-1501-110111.png,D2-3-1501-011111.png
1501.jpg,D1-3-1501-110101.png,D4-2-1501-110111.png
1501.jpg,D1-3-1501-110111.png,D2-3-1501-011111.png
1501.jpg,D2-2-1501-110111.png,D2-3-1501-001111.png
1501.jpg,D2-1-1501-110101.png,D2-3-1501-011111.png
1501.jpg,D2-3-1501-001111.png,D1-3-1501-110111.png
1501.jpg,D2-2-1501-110111.png,D1-2-1501-111011.png
1501.jpg,D4-2-1501-110111.png,D2-3-1501-001111.png
1501.jpg,D3-3-1501-111100.png,D3-3-1501-111110.png
1501.jpg,D2-2-1501-010111.png,D3-3-1501-111100.png
1527.jpg,D3-3-1527-101111.png,D4-3-1527-111111.png
1527.jpg,D2-1-1527-100111.png,D4-1-1527-010001.png
1527.jpg,D2-2-1527-110111.png,D2-3-1527-010111.png
1527.jpg,D2-3-1527-010111.png,D4-3-1527-111101.png
1527.jpg,D4-2-1527-111110.png,D3-2-1527-110111.png
1527.jpg,D4-2-1527-101110.png,D3-2-1527-111111.png
1527.jpg,D2-1-1527-100111.png,D3-1-1527-110011.png
1527.jpg,D1-3-1527-100111.png,D2-1-1527-100111.png
1527.jpg,D4-1-1527-110001.png,D1-3-1527-100111.png
1527.jpg,D1-2-1527-100011.png,D4-3-1527-111101.png
1527.jpg,D1-1-1527-111101.png,D4-1-1527-010001.png
1527.jpg,D1-2-1527-100011.png,D1-2-1527-101011.png
1527.jpg,D4-1-1527-110001.png,D4-1-1527-010001.png
1527.jpg,D2-2-1527-100111.png,D1-2-1527-100011.png
1527.jpg,D4-2-1527-111110.png,D1-2-1527-101011.png
1527.jpg,D3-1-1527-110011.png,D1-1-1527-111001.png
1527.jpg,D3-2-1527-111111.png,D1-3-1527-100111.png
1527.jpg,D2-3-1527-110111.png,D3-1-1527-110011.png
1527.jpg,D1-2-1527-101011.png,D2-2-1527-100111.png
1527.jpg,D4-3-1527-111101.png,D1-2-1527-101011.png
1527.jpg,D2-3-1527-010111.png,D4-2-1527-111110.png
1527.jpg,D3-2-1527-110111.png,D1-1-1527-111101.png
1527.jpg,D3-2-1527-110111.png,D2-2-1527-110111.png
1527.jpg,D1-2-1527-100011.png,D4-2-1527-101110.png
1527.jpg,D4-2-1527-111110.png,D1-1-1527-111101.png
1527.jpg,D1-2-1527-100011.png,D3-2-1527-111111.png
1527.jpg,D3-1-1527-110111.png,D2-2-1527-100111.png
1527.jpg,D4-1-1527-010001.png,D4-2-1527-111110.png
1527.jpg,D4-1-1527-110001.png,D3-1-1527-110011.png
1527.jpg,D3-1-1527-110111.png,D1-3-1527-100111.png
1527.jpg,D3-3-1527-101111.png,D3-2-1527-111111.png
1527.jpg,D3-2-1527-110111.png,D3-1-1527-110111.png
1527.jpg,D2-3-1527-010111.png,D4-3-1527-111111.png
1527.jpg,D4-3-1527-111101.png,D1-3-1527-110111.png
1527.jpg,D4-3-1527-111111.png,D2-2-1527-100111.png
1527.jpg,D3-2-1527-110111.png,D1-1-1527-111001.png
1527.jpg,D2-1-1527-101111.png,D1-2-1527-100011.png
1527.jpg,D3-2-1527-111111.png,D4-1-1527-110001.png
1527.jpg,D2-3-1527-110111.png,D1-3-1527-100111.png
1527.jpg,D1-1-1527-111001.png,D4-2-1527-111110.png
1527.jpg,D2-1-1527-100111.png,D3-1-1527-110111.png
1527.jpg,D4-3-1527-111111.png,D3-2-1527-111111.png
1527.jpg,D4-1-1527-110001.png,D4-3-1527-111101.png
1527.jpg,D1-1-1527-111101.png,D3-1-1527-110011.png
1527.jpg,D3-3-1527-101111.png,D1-2-1527-101011.png
1527.jpg,D1-2-1527-101011.png,D1-1-1527-111101.png
1527.jpg,D4-1-1527-110001.png,D3-1-1527-110111.png
1527.jpg,D1-2-1527-101011.png,D2-3-1527-010111.png
1527.jpg,D3-3-1527-111111.png,D2-3-1527-010111.png
1527.jpg,D4-1-1527-110001.png,D2-3-1527-010111.png
1527.jpg,D1-3-1527-100111.png,D2-1-1527-101111.png
1527.jpg,D4-1-1527-010001.png,D3-2-1527-111111.png
1527.jpg,D3-3-1527-101111.png,D2-3-1527-110111.png
1527.jpg,D3-1-1527-110011.png,D2-2-1527-110111.png
1527.jpg,D3-1-1527-110011.png,D4-3-1527-111111.png
1527.jpg,D4-3-1527-111101.png,D4-3-1527-111111.png
1527.jpg,D2-2-1527-100111.png,D1-3-1527-100111.png
1527.jpg,D4-3-1527-111111.png,D2-3-1527-110111.png
1527.jpg,D2-1-1527-101111.png,D3-2-1527-110111.png
1527.jpg,D1-1-1527-111101.png,D3-3-1527-101111.png
1527.jpg,D4-1-1527-010001.png,D1-3-1527-100111.png
1527.jpg,D2-3-1527-010111.png,D3-3-1527-101111.png
1527.jpg,D3-1-1527-110011.png,D1-2-1527-101011.png
1527.jpg,D3-3-1527-111111.png,D1-1-1527-111101.png
1527.jpg,D4-2-1527-111110.png,D2-1-1527-101111.png
1527.jpg,D2-1-1527-101111.png,D2-1-1527-100111.png
1527.jpg,D4-2-1527-111110.png,D3-2-1527-111111.png
1527.jpg,D3-1-1527-110111.png,D2-3-1527-110111.png
1527.jpg,D1-1-1527-111101.png,D2-3-1527-110111.png
1527.jpg,D1-1-1527-111001.png,D3-3-1527-111111.png
1527.jpg,D1-3-1527-110111.png,D4-1-1527-010001.png
1527.jpg,D1-1-1527-111001.png,D2-1-1527-100111.png
1955.jpg,D2-2-1955-000111.png,D1-2-1955-111111.png
1955.jpg,D2-2-1955-100111.png,D3-1-1955-111101.png
1955.jpg,D4-3-1955-111011.png,D4-1-1955-101111.png
1955.jpg,D2-2-1955-100111.png,D1-3-1955-110111.png
1955.jpg,D2-3-1955-100101.png,D1-1-1955-111110.png
1955.jpg,D3-1-1955-111111.png,D4-1-1955-111111.png
1955.jpg,D4-1-1955-101111.png,D1-1-1955-111100.png
1955.jpg,D4-3-1955-111011.png,D4-2-1955-010100.png
1955.jpg,D2-2-1955-100111.png,D1-1-1955-111100.png
1955.jpg,D4-1-1955-101111.png,D3-2-1955-111101.png
1955.jpg,D2-3-1955-100111.png,D1-2-1955-111111.png
1955.jpg,D4-2-1955-010110.png,D4-1-1955-111111.png
1955.jpg,D3-3-1955-111010.png,D2-3-1955-100101.png
1955.jpg,D3-2-1955-111101.png,D2-1-1955-010100.png
1955.jpg,D2-3-1955-100111.png,D3-2-1955-111111.png
1955.jpg,D1-1-1955-111100.png,D4-2-1955-010110.png
1955.jpg,D4-3-1955-101011.png,D3-2-1955-111111.png
1955.jpg,D1-3-1955-110101.png,D2-2-1955-100111.png
1955.jpg,D4-3-1955-101011.png,D2-2-1955-000111.png
1955.jpg,D1-3-1955-110111.png,D3-1-1955-111111.png
1955.jpg,D2-3-1955-100101.png,D3-1-1955-111111.png
1955.jpg,D1-2-1955-101111.png,D1-3-1955-110101.png
1955.jpg,D4-1-1955-101111.png,D1-1-1955-111110.png
1955.jpg,D2-1-1955-110100.png,D3-2-1955-111111.png
1955.jpg,D3-1-1955-111101.png,D1-2-1955-111111.png
1955.jpg,D3-3-1955-111010.png,D4-1-1955-111111.png
1955.jpg,D2-1-1955-110100.png,D1-1-1955-111110.png
1955.jpg,D1-3-1955-110111.png,D4-2-1955-010110.png
1955.jpg,D2-1-1955-010100.png,D4-2-1955-010110.png
1955.jpg,D4-3-1955-101011.png,D1-1-1955-111100.png
1955.jpg,D3-3-1955-111010.png,D2-2-1955-100111.png
1955.jpg,D4-3-1955-111011.png,D3-3-1955-111110.png
1955.jpg,D2-1-1955-010100.png,D2-2-1955-100111.png
1955.jpg,D3-3-1955-111110.png,D1-3-1955-110111.png
1955.jpg,D2-2-1955-100111.png,D2-3-1955-100111.png
1955.jpg,D2-2-1955-000111.png,D4-2-1955-010100.png
1955.jpg,D2-2-1955-100111.png,D4-2-1955-010110.png
1955.jpg,D1-3-1955-110111.png,D4-3-1955-101011.png
1955.jpg,D2-3-1955-100111.png,D4-2-1955-010100.png
1955.jpg,D4-2-1955-010110.png,D1-2-1955-101111.png
1955.jpg,D3-1-1955-111101.png,D1-3-1955-110101.png
1955.jpg,D4-2-1955-010100.png,D4-1-1955-101111.png
1955.jpg,D4-3-1955-111011.png,D1-1-1955-111100.png
1955.jpg,D1-2-1955-111111.png,D2-1-1955-110100.png
1955.jpg,D2-3-1955-100111.png,D4-3-1955-101011.png
1955.jpg,D1-2-1955-101111.png,D4-3-1955-101011.png
1955.jpg,D4-1-1955-111111.png,D3-1-1955-111101.png
1955.jpg,D2-3-1955-100101.png,D2-2-1955-100111.png
1955.jpg,D3-2-1955-111111.png,D3-3-1955-111010.png
1955.jpg,D3-1-1955-111101.png,D1-2-1955-101111.png
1955.jpg,D3-3-1955-111110.png,D2-1-1955-110100.png
1955.jpg,D4-2-1955-010110.png,D1-2-1955-111111.png
1955.jpg,D2-3-1955-100101.png,D4-1-1955-111111.png
1955.jpg,D4-3-1955-111011.png,D1-3-1955-110101.png
1955.jpg,D4-2-1955-010110.png,D1-1-1955-111110.png
1955.jpg,D4-3-1955-111011.png,D2-2-1955-000111.png
1955.jpg,D4-3-1955-111011.png,D3-2-1955-111111.png
1955.jpg,D1-2-1955-101111.png,D3-3-1955-111110.png
1955.jpg,D3-1-1955-111111.png,D4-2-1955-010100.png
1955.jpg,D2-2-1955-100111.png,D1-2-1955-101111.png
1955.jpg,D4-3-1955-111011.png,D3-1-1955-111101.png
1955.jpg,D3-2-1955-111111.png,D3-1-1955-111101.png
1955.jpg,D3-2-1955-111111.png,D2-3-1955-100101.png
1955.jpg,D1-3-1955-110101.png,D1-1-1955-111100.png
1955.jpg,D3-3-1955-111110.png,D1-1-1955-111100.png
1955.jpg,D1-1-1955-111100.png,D4-2-1955-010100.png
1955.jpg,D4-2-1955-010100.png,D1-3-1955-110101.png
1955.jpg,D3-2-1955-111101.png,D3-1-1955-111101.png
1955.jpg,D2-3-1955-100101.png,D4-3-1955-111011.png
1955.jpg,D2-2-1955-000111.png,D2-3-1955-100111.png
1955.jpg,D1-2-1955-101111.png,D2-3-1955-100111.png
1955.jpg,D4-1-1955-101111.png,D3-2-1955-111111.png
